2026-07-15 00:01:12,236 - INFO - Generating 1000 records from sample (7 rows)
2026-07-15 00:01:12,236 - INFO - Generating 1000 records from sample (7 rows)
2026-07-15 00:01:12,236 - INFO - Generating 1000 records from sample (7 rows)
2026-07-15 00:01:12,236 - INFO - Generating 1000 records from sample (7 rows)
2026-07-15 00:01:12,236 - INFO - Generating 1000 records from sample (7 rows)
2026-07-15 00:01:12,236 - INFO - Generating 1000 records from sample (7 rows)
2026-07-15 00:01:12,236 - INFO - Generating 1000 records from sample (7 rows)
2026-07-15 00:01:12,778 - INFO - Generated 1000 records from sample
2026-07-15 00:01:12,778 - INFO - Generated 1000 records from sample
2026-07-15 00:01:12,778 - INFO - Generated 1000 records from sample
2026-07-15 00:01:12,778 - INFO - Generated 1000 records from sample
2026-07-15 00:01:12,778 - INFO - Generated 1000 records from sample
2026-07-15 00:01:12,778 - INFO - Generated 1000 records from sample
2026-07-15 00:01:12,778 - INFO - Generated 1000 records from sample
2026-07-15 00:17:57,640 - INFO - Generating 300 records from sample (20 rows)
2026-07-15 00:17:57,640 - INFO - Generating 300 records from sample (20 rows)
2026-07-15 00:17:58,155 - INFO - Column roles: {'order_id': 'id', 'customer_name': 'person_name', 'email': 'email', 'city': 'city', 'phone': 'numeric', 'product_name': 'closed_categorical', 'category': 'closed_categorical', 'unit_price': 'numeric', 'payment_method': 'closed_categorical', 'order_status': 'closed_categorical', 'order_date': 'datetime'}
2026-07-15 00:17:58,155 - INFO - Column roles: {'order_id': 'id', 'customer_name': 'person_name', 'email': 'email', 'city': 'city', 'phone': 'numeric', 'product_name': 'closed_categorical', 'category': 'closed_categorical', 'unit_price': 'numeric', 'payment_method': 'closed_categorical', 'order_status': 'closed_categorical', 'order_date': 'datetime'}
2026-07-15 00:17:58,158 - INFO - Product linked groups: [['product_name', 'category', 'unit_price']]
2026-07-15 00:17:58,158 - INFO - Product linked groups: [['product_name', 'category', 'unit_price']]
2026-07-15 00:17:58,159 - INFO - CustomGenerator locale=en_IN india_mode=True india_phone=True
2026-07-15 00:17:58,159 - INFO - CustomGenerator locale=en_IN india_mode=True india_phone=True
2026-07-15 00:17:59,439 - INFO - Generation nunique by field: order_id=300, customer_name=300, email=300, city=97, phone=20, product_name=5, category=3, unit_price=5, payment_method=4, order_status=4, order_date=58
2026-07-15 00:17:59,439 - INFO - Generation nunique by field: order_id=300, customer_name=300, email=300, city=97, phone=20, product_name=5, category=3, unit_price=5, payment_method=4, order_status=4, order_date=58
2026-07-15 00:17:59,439 - INFO - Generation validation passed
2026-07-15 00:17:59,439 - INFO - Generation validation passed
2026-07-15 00:17:59,440 - INFO - Privacy anonymization skipped for custom synthetic data (generated values are synthetic, not uploaded PII)
2026-07-15 00:17:59,440 - INFO - Privacy anonymization skipped for custom synthetic data (generated values are synthetic, not uploaded PII)
2026-07-15 00:17:59,590 - INFO - Final nunique by field: order_id=300, customer_name=300, email=300, city=97, phone=20, product_name=5, category=3, unit_price=5, payment_method=4, order_status=4, order_date=58
2026-07-15 00:17:59,590 - INFO - Final nunique by field: order_id=300, customer_name=300, email=300, city=97, phone=20, product_name=5, category=3, unit_price=5, payment_method=4, order_status=4, order_date=58
2026-07-15 00:17:59,594 - INFO - Datetime 'order_date': nunique=58, min=2024-01-01 00:00:00, max=2024-02-27 00:00:00
2026-07-15 00:17:59,594 - INFO - Datetime 'order_date': nunique=58, min=2024-01-01 00:00:00, max=2024-02-27 00:00:00
2026-07-15 00:17:59,595 - INFO - Generated 300 records from sample
2026-07-15 00:17:59,595 - INFO - Generated 300 records from sample
2026-07-15 00:18:00,105 - INFO - Generating 200 records from sample (15 rows)
2026-07-15 00:18:00,105 - INFO - Generating 200 records from sample (15 rows)
2026-07-15 00:18:00,346 - INFO - Column roles: {'employee_id': 'id', 'employee_name': 'person_name', 'email': 'email', 'department': 'closed_categorical', 'designation': 'closed_categorical', 'city': 'city', 'phone': 'numeric', 'aadhaar': 'aadhaar', 'pan': 'pan', 'ifsc': 'ifsc', 'salary': 'numeric', 'join_date': 'datetime'}
2026-07-15 00:18:00,346 - INFO - Column roles: {'employee_id': 'id', 'employee_name': 'person_name', 'email': 'email', 'department': 'closed_categorical', 'designation': 'closed_categorical', 'city': 'city', 'phone': 'numeric', 'aadhaar': 'aadhaar', 'pan': 'pan', 'ifsc': 'ifsc', 'salary': 'numeric', 'join_date': 'datetime'}
2026-07-15 00:18:00,357 - INFO - CustomGenerator locale=en_IN india_mode=True india_phone=True
2026-07-15 00:18:00,357 - INFO - CustomGenerator locale=en_IN india_mode=True india_phone=True
2026-07-15 00:18:00,850 - INFO - Generation nunique by field: employee_id=200, employee_name=200, email=200, department=5, designation=5, city=78, phone=15, aadhaar=200, pan=200, ifsc=200, salary=126, join_date=169
2026-07-15 00:18:00,850 - INFO - Generation nunique by field: employee_id=200, employee_name=200, email=200, department=5, designation=5, city=78, phone=15, aadhaar=200, pan=200, ifsc=200, salary=126, join_date=169
2026-07-15 00:18:00,854 - INFO - Generation validation passed
2026-07-15 00:18:00,854 - INFO - Generation validation passed
2026-07-15 00:18:00,855 - INFO - Privacy anonymization skipped for custom synthetic data (generated values are synthetic, not uploaded PII)
2026-07-15 00:18:00,855 - INFO - Privacy anonymization skipped for custom synthetic data (generated values are synthetic, not uploaded PII)
2026-07-15 00:18:00,949 - INFO - Final nunique by field: employee_id=200, employee_name=200, email=200, department=5, designation=5, city=78, phone=15, aadhaar=2, pan=200, ifsc=200, salary=126, join_date=169
2026-07-15 00:18:00,949 - INFO - Final nunique by field: employee_id=200, employee_name=200, email=200, department=5, designation=5, city=78, phone=15, aadhaar=2, pan=200, ifsc=200, salary=126, join_date=169
2026-07-15 00:18:00,955 - INFO - Datetime 'join_date': nunique=169, min=2020-01-15 00:00:00, max=2021-09-25 00:00:00
2026-07-15 00:18:00,955 - INFO - Datetime 'join_date': nunique=169, min=2020-01-15 00:00:00, max=2021-09-25 00:00:00
2026-07-15 00:18:00,955 - INFO - Generated 200 records from sample
2026-07-15 00:18:00,955 - INFO - Generated 200 records from sample
2026-07-15 00:19:11,492 - INFO - Generating 300 records from sample (20 rows)
2026-07-15 00:19:11,492 - INFO - Generating 300 records from sample (20 rows)
2026-07-15 00:19:11,799 - INFO - Column roles: {'order_id': 'id', 'customer_name': 'person_name', 'email': 'email', 'city': 'city', 'phone': 'phone', 'product_name': 'closed_categorical', 'category': 'closed_categorical', 'unit_price': 'numeric', 'payment_method': 'closed_categorical', 'order_status': 'closed_categorical', 'order_date': 'datetime'}
2026-07-15 00:19:11,799 - INFO - Column roles: {'order_id': 'id', 'customer_name': 'person_name', 'email': 'email', 'city': 'city', 'phone': 'phone', 'product_name': 'closed_categorical', 'category': 'closed_categorical', 'unit_price': 'numeric', 'payment_method': 'closed_categorical', 'order_status': 'closed_categorical', 'order_date': 'datetime'}
2026-07-15 00:19:11,800 - INFO - Product linked groups: [['product_name', 'category', 'unit_price']]
2026-07-15 00:19:11,800 - INFO - Product linked groups: [['product_name', 'category', 'unit_price']]
2026-07-15 00:19:11,803 - INFO - CustomGenerator locale=en_IN india_mode=True india_phone=True
2026-07-15 00:19:11,803 - INFO - CustomGenerator locale=en_IN india_mode=True india_phone=True
2026-07-15 00:19:12,404 - INFO - Generation nunique by field: order_id=300, customer_name=300, email=300, city=95, phone=300, product_name=5, category=3, unit_price=5, payment_method=4, order_status=4, order_date=57
2026-07-15 00:19:12,404 - INFO - Generation nunique by field: order_id=300, customer_name=300, email=300, city=95, phone=300, product_name=5, category=3, unit_price=5, payment_method=4, order_status=4, order_date=57
2026-07-15 00:19:12,405 - INFO - Generation validation passed
2026-07-15 00:19:12,405 - INFO - Generation validation passed
2026-07-15 00:19:12,405 - INFO - Privacy anonymization skipped for custom synthetic data (generated values are synthetic, not uploaded PII)
2026-07-15 00:19:12,405 - INFO - Privacy anonymization skipped for custom synthetic data (generated values are synthetic, not uploaded PII)
2026-07-15 00:19:12,459 - INFO - Final nunique by field: order_id=300, customer_name=300, email=300, city=95, phone=300, product_name=5, category=3, unit_price=5, payment_method=4, order_status=4, order_date=57
2026-07-15 00:19:12,459 - INFO - Final nunique by field: order_id=300, customer_name=300, email=300, city=95, phone=300, product_name=5, category=3, unit_price=5, payment_method=4, order_status=4, order_date=57
2026-07-15 00:19:12,462 - INFO - Datetime 'order_date': nunique=57, min=2024-01-01 00:00:00, max=2024-02-27 00:00:00
2026-07-15 00:19:12,462 - INFO - Datetime 'order_date': nunique=57, min=2024-01-01 00:00:00, max=2024-02-27 00:00:00
2026-07-15 00:19:12,462 - INFO - Generated 300 records from sample
2026-07-15 00:19:12,462 - INFO - Generated 300 records from sample
2026-07-15 00:19:12,853 - INFO - Generating 200 records from sample (15 rows)
2026-07-15 00:19:12,853 - INFO - Generating 200 records from sample (15 rows)
2026-07-15 00:19:12,954 - INFO - Column roles: {'employee_id': 'id', 'employee_name': 'person_name', 'email': 'email', 'department': 'closed_categorical', 'designation': 'closed_categorical', 'city': 'city', 'phone': 'phone', 'aadhaar': 'aadhaar', 'pan': 'pan', 'ifsc': 'ifsc', 'salary': 'numeric', 'join_date': 'datetime'}
2026-07-15 00:19:12,954 - INFO - Column roles: {'employee_id': 'id', 'employee_name': 'person_name', 'email': 'email', 'department': 'closed_categorical', 'designation': 'closed_categorical', 'city': 'city', 'phone': 'phone', 'aadhaar': 'aadhaar', 'pan': 'pan', 'ifsc': 'ifsc', 'salary': 'numeric', 'join_date': 'datetime'}
2026-07-15 00:19:12,957 - INFO - CustomGenerator locale=en_IN india_mode=True india_phone=True
2026-07-15 00:19:12,957 - INFO - CustomGenerator locale=en_IN india_mode=True india_phone=True
2026-07-15 00:19:13,484 - INFO - Generation nunique by field: employee_id=200, employee_name=200, email=200, department=5, designation=5, city=73, phone=200, aadhaar=200, pan=200, ifsc=200, salary=41, join_date=178
2026-07-15 00:19:13,484 - INFO - Generation nunique by field: employee_id=200, employee_name=200, email=200, department=5, designation=5, city=73, phone=200, aadhaar=200, pan=200, ifsc=200, salary=41, join_date=178
2026-07-15 00:19:13,484 - INFO - Generation validation passed
2026-07-15 00:19:13,484 - INFO - Generation validation passed
2026-07-15 00:19:13,485 - INFO - Privacy anonymization skipped for custom synthetic data (generated values are synthetic, not uploaded PII)
2026-07-15 00:19:13,485 - INFO - Privacy anonymization skipped for custom synthetic data (generated values are synthetic, not uploaded PII)
2026-07-15 00:19:13,543 - INFO - Final nunique by field: employee_id=200, employee_name=200, email=200, department=5, designation=5, city=73, phone=200, aadhaar=200, pan=200, ifsc=200, salary=41, join_date=178
2026-07-15 00:19:13,543 - INFO - Final nunique by field: employee_id=200, employee_name=200, email=200, department=5, designation=5, city=73, phone=200, aadhaar=200, pan=200, ifsc=200, salary=41, join_date=178
2026-07-15 00:19:13,545 - INFO - Datetime 'join_date': nunique=178, min=2020-01-15 00:00:00, max=2021-10-04 00:00:00
2026-07-15 00:19:13,545 - INFO - Datetime 'join_date': nunique=178, min=2020-01-15 00:00:00, max=2021-10-04 00:00:00
2026-07-15 00:19:13,545 - INFO - Generated 200 records from sample
2026-07-15 00:19:13,545 - INFO - Generated 200 records from sample
2026-07-15 00:20:31,563 - INFO - Generating 1000 records from sample (7 rows)
2026-07-15 00:20:31,563 - INFO - Generating 1000 records from sample (7 rows)
2026-07-15 00:20:31,563 - INFO - Generating 1000 records from sample (7 rows)
2026-07-15 00:20:31,563 - INFO - Generating 1000 records from sample (7 rows)
2026-07-15 00:20:31,563 - INFO - Generating 1000 records from sample (7 rows)
2026-07-15 00:20:31,563 - INFO - Generating 1000 records from sample (7 rows)
2026-07-15 00:20:31,563 - INFO - Generating 1000 records from sample (7 rows)
2026-07-15 00:20:31,563 - INFO - Generating 1000 records from sample (7 rows)
2026-07-15 00:20:31,563 - INFO - Generating 1000 records from sample (7 rows)
2026-07-15 00:20:31,563 - INFO - Generating 1000 records from sample (7 rows)
2026-07-15 00:20:31,563 - INFO - Generating 1000 records from sample (7 rows)
2026-07-15 00:20:31,563 - INFO - Generating 1000 records from sample (7 rows)
2026-07-15 00:20:31,563 - INFO - Generating 1000 records from sample (7 rows)
2026-07-15 00:20:31,977 - INFO - Generated 1000 records from sample
2026-07-15 00:20:31,977 - INFO - Generated 1000 records from sample
2026-07-15 00:20:31,977 - INFO - Generated 1000 records from sample
2026-07-15 00:20:31,977 - INFO - Generated 1000 records from sample
2026-07-15 00:20:31,977 - INFO - Generated 1000 records from sample
2026-07-15 00:20:31,977 - INFO - Generated 1000 records from sample
2026-07-15 00:20:31,977 - INFO - Generated 1000 records from sample
2026-07-15 00:20:31,977 - INFO - Generated 1000 records from sample
2026-07-15 00:20:31,977 - INFO - Generated 1000 records from sample
2026-07-15 00:20:31,977 - INFO - Generated 1000 records from sample
2026-07-15 00:20:31,977 - INFO - Generated 1000 records from sample
2026-07-15 00:20:31,977 - INFO - Generated 1000 records from sample
2026-07-15 00:20:31,977 - INFO - Generated 1000 records from sample
2026-07-15 00:20:31,987 - ERROR - Generation error: QualityReporter.generate_report() got an unexpected keyword argument 'sample'
2026-07-15 00:20:31,987 - ERROR - Generation error: QualityReporter.generate_report() got an unexpected keyword argument 'sample'
2026-07-15 00:20:31,987 - ERROR - Generation error: QualityReporter.generate_report() got an unexpected keyword argument 'sample'
2026-07-15 00:20:31,987 - ERROR - Generation error: QualityReporter.generate_report() got an unexpected keyword argument 'sample'
2026-07-15 00:20:31,987 - ERROR - Generation error: QualityReporter.generate_report() got an unexpected keyword argument 'sample'
2026-07-15 00:20:31,987 - ERROR - Generation error: QualityReporter.generate_report() got an unexpected keyword argument 'sample'
2026-07-15 00:20:31,987 - ERROR - Generation error: QualityReporter.generate_report() got an unexpected keyword argument 'sample'
2026-07-15 00:20:31,987 - ERROR - Generation error: QualityReporter.generate_report() got an unexpected keyword argument 'sample'
2026-07-15 00:20:31,987 - ERROR - Generation error: QualityReporter.generate_report() got an unexpected keyword argument 'sample'
2026-07-15 00:20:31,987 - ERROR - Generation error: QualityReporter.generate_report() got an unexpected keyword argument 'sample'
2026-07-15 00:20:31,987 - ERROR - Generation error: QualityReporter.generate_report() got an unexpected keyword argument 'sample'
2026-07-15 00:20:31,987 - ERROR - Generation error: QualityReporter.generate_report() got an unexpected keyword argument 'sample'
2026-07-15 00:20:31,987 - ERROR - Generation error: QualityReporter.generate_report() got an unexpected keyword argument 'sample'
2026-07-15 00:25:05,958 - INFO - Generating 1000 records from sample (7 rows)
2026-07-15 00:25:05,958 - INFO - Generating 1000 records from sample (7 rows)
2026-07-15 00:25:05,958 - INFO - Generating 1000 records from sample (7 rows)
2026-07-15 00:25:05,958 - INFO - Generating 1000 records from sample (7 rows)
2026-07-15 00:25:05,958 - INFO - Generating 1000 records from sample (7 rows)
2026-07-15 00:25:05,958 - INFO - Generating 1000 records from sample (7 rows)
2026-07-15 00:25:05,958 - INFO - Generating 1000 records from sample (7 rows)
2026-07-15 00:25:05,958 - INFO - Generating 1000 records from sample (7 rows)
2026-07-15 00:25:06,363 - INFO - Column roles: {'patient_id': 'id', 'first_name': 'first_name', 'last_name': 'last_name', 'age': 'numeric', 'gender': 'closed_categorical', 'blood_type': 'closed_categorical', 'diagnosis': 'text_open', 'admission_date': 'datetime', 'discharge_date': 'datetime', 'doctor': 'text_open', 'department': 'closed_categorical', 'room_number': 'numeric'}
2026-07-15 00:25:06,363 - INFO - Column roles: {'patient_id': 'id', 'first_name': 'first_name', 'last_name': 'last_name', 'age': 'numeric', 'gender': 'closed_categorical', 'blood_type': 'closed_categorical', 'diagnosis': 'text_open', 'admission_date': 'datetime', 'discharge_date': 'datetime', 'doctor': 'text_open', 'department': 'closed_categorical', 'room_number': 'numeric'}
2026-07-15 00:25:06,363 - INFO - Column roles: {'patient_id': 'id', 'first_name': 'first_name', 'last_name': 'last_name', 'age': 'numeric', 'gender': 'closed_categorical', 'blood_type': 'closed_categorical', 'diagnosis': 'text_open', 'admission_date': 'datetime', 'discharge_date': 'datetime', 'doctor': 'text_open', 'department': 'closed_categorical', 'room_number': 'numeric'}
2026-07-15 00:25:06,363 - INFO - Column roles: {'patient_id': 'id', 'first_name': 'first_name', 'last_name': 'last_name', 'age': 'numeric', 'gender': 'closed_categorical', 'blood_type': 'closed_categorical', 'diagnosis': 'text_open', 'admission_date': 'datetime', 'discharge_date': 'datetime', 'doctor': 'text_open', 'department': 'closed_categorical', 'room_number': 'numeric'}
2026-07-15 00:25:06,363 - INFO - Column roles: {'patient_id': 'id', 'first_name': 'first_name', 'last_name': 'last_name', 'age': 'numeric', 'gender': 'closed_categorical', 'blood_type': 'closed_categorical', 'diagnosis': 'text_open', 'admission_date': 'datetime', 'discharge_date': 'datetime', 'doctor': 'text_open', 'department': 'closed_categorical', 'room_number': 'numeric'}
2026-07-15 00:25:06,363 - INFO - Column roles: {'patient_id': 'id', 'first_name': 'first_name', 'last_name': 'last_name', 'age': 'numeric', 'gender': 'closed_categorical', 'blood_type': 'closed_categorical', 'diagnosis': 'text_open', 'admission_date': 'datetime', 'discharge_date': 'datetime', 'doctor': 'text_open', 'department': 'closed_categorical', 'room_number': 'numeric'}
2026-07-15 00:25:06,363 - INFO - Column roles: {'patient_id': 'id', 'first_name': 'first_name', 'last_name': 'last_name', 'age': 'numeric', 'gender': 'closed_categorical', 'blood_type': 'closed_categorical', 'diagnosis': 'text_open', 'admission_date': 'datetime', 'discharge_date': 'datetime', 'doctor': 'text_open', 'department': 'closed_categorical', 'room_number': 'numeric'}
2026-07-15 00:25:06,363 - INFO - Column roles: {'patient_id': 'id', 'first_name': 'first_name', 'last_name': 'last_name', 'age': 'numeric', 'gender': 'closed_categorical', 'blood_type': 'closed_categorical', 'diagnosis': 'text_open', 'admission_date': 'datetime', 'discharge_date': 'datetime', 'doctor': 'text_open', 'department': 'closed_categorical', 'room_number': 'numeric'}
2026-07-15 00:25:06,366 - INFO - CustomGenerator locale=en_IN india_mode=False india_phone=False
2026-07-15 00:25:06,366 - INFO - CustomGenerator locale=en_IN india_mode=False india_phone=False
2026-07-15 00:25:06,366 - INFO - CustomGenerator locale=en_IN india_mode=False india_phone=False
2026-07-15 00:25:06,366 - INFO - CustomGenerator locale=en_IN india_mode=False india_phone=False
2026-07-15 00:25:06,366 - INFO - CustomGenerator locale=en_IN india_mode=False india_phone=False
2026-07-15 00:25:06,366 - INFO - CustomGenerator locale=en_IN india_mode=False india_phone=False
2026-07-15 00:25:06,366 - INFO - CustomGenerator locale=en_IN india_mode=False india_phone=False
2026-07-15 00:25:06,366 - INFO - CustomGenerator locale=en_IN india_mode=False india_phone=False
2026-07-15 00:25:06,560 - INFO - Generation nunique by field: patient_id=1000, first_name=455, last_name=452, age=29, gender=2, blood_type=7, diagnosis=1000, admission_date=75, discharge_date=72, doctor=1000, department=6, room_number=173
2026-07-15 00:25:06,560 - INFO - Generation nunique by field: patient_id=1000, first_name=455, last_name=452, age=29, gender=2, blood_type=7, diagnosis=1000, admission_date=75, discharge_date=72, doctor=1000, department=6, room_number=173
2026-07-15 00:25:06,560 - INFO - Generation nunique by field: patient_id=1000, first_name=455, last_name=452, age=29, gender=2, blood_type=7, diagnosis=1000, admission_date=75, discharge_date=72, doctor=1000, department=6, room_number=173
2026-07-15 00:25:06,560 - INFO - Generation nunique by field: patient_id=1000, first_name=455, last_name=452, age=29, gender=2, blood_type=7, diagnosis=1000, admission_date=75, discharge_date=72, doctor=1000, department=6, room_number=173
2026-07-15 00:25:06,560 - INFO - Generation nunique by field: patient_id=1000, first_name=455, last_name=452, age=29, gender=2, blood_type=7, diagnosis=1000, admission_date=75, discharge_date=72, doctor=1000, department=6, room_number=173
2026-07-15 00:25:06,560 - INFO - Generation nunique by field: patient_id=1000, first_name=455, last_name=452, age=29, gender=2, blood_type=7, diagnosis=1000, admission_date=75, discharge_date=72, doctor=1000, department=6, room_number=173
2026-07-15 00:25:06,560 - INFO - Generation nunique by field: patient_id=1000, first_name=455, last_name=452, age=29, gender=2, blood_type=7, diagnosis=1000, admission_date=75, discharge_date=72, doctor=1000, department=6, room_number=173
2026-07-15 00:25:06,560 - INFO - Generation nunique by field: patient_id=1000, first_name=455, last_name=452, age=29, gender=2, blood_type=7, diagnosis=1000, admission_date=75, discharge_date=72, doctor=1000, department=6, room_number=173
2026-07-15 00:25:06,561 - INFO - Generation validation passed
2026-07-15 00:25:06,561 - INFO - Generation validation passed
2026-07-15 00:25:06,561 - INFO - Generation validation passed
2026-07-15 00:25:06,561 - INFO - Generation validation passed
2026-07-15 00:25:06,561 - INFO - Generation validation passed
2026-07-15 00:25:06,561 - INFO - Generation validation passed
2026-07-15 00:25:06,561 - INFO - Generation validation passed
2026-07-15 00:25:06,561 - INFO - Generation validation passed
2026-07-15 00:25:06,563 - INFO - Privacy anonymization skipped for custom synthetic data (generated values are synthetic, not uploaded PII)
2026-07-15 00:25:06,563 - INFO - Privacy anonymization skipped for custom synthetic data (generated values are synthetic, not uploaded PII)
2026-07-15 00:25:06,563 - INFO - Privacy anonymization skipped for custom synthetic data (generated values are synthetic, not uploaded PII)
2026-07-15 00:25:06,563 - INFO - Privacy anonymization skipped for custom synthetic data (generated values are synthetic, not uploaded PII)
2026-07-15 00:25:06,563 - INFO - Privacy anonymization skipped for custom synthetic data (generated values are synthetic, not uploaded PII)
2026-07-15 00:25:06,563 - INFO - Privacy anonymization skipped for custom synthetic data (generated values are synthetic, not uploaded PII)
2026-07-15 00:25:06,563 - INFO - Privacy anonymization skipped for custom synthetic data (generated values are synthetic, not uploaded PII)
2026-07-15 00:25:06,563 - INFO - Privacy anonymization skipped for custom synthetic data (generated values are synthetic, not uploaded PII)
2026-07-15 00:25:06,628 - INFO - Final nunique by field: patient_id=1000, first_name=455, last_name=452, age=29, gender=2, blood_type=7, diagnosis=1000, admission_date=75, discharge_date=72, doctor=1000, department=6, room_number=173
2026-07-15 00:25:06,628 - INFO - Final nunique by field: patient_id=1000, first_name=455, last_name=452, age=29, gender=2, blood_type=7, diagnosis=1000, admission_date=75, discharge_date=72, doctor=1000, department=6, room_number=173
2026-07-15 00:25:06,628 - INFO - Final nunique by field: patient_id=1000, first_name=455, last_name=452, age=29, gender=2, blood_type=7, diagnosis=1000, admission_date=75, discharge_date=72, doctor=1000, department=6, room_number=173
2026-07-15 00:25:06,628 - INFO - Final nunique by field: patient_id=1000, first_name=455, last_name=452, age=29, gender=2, blood_type=7, diagnosis=1000, admission_date=75, discharge_date=72, doctor=1000, department=6, room_number=173
2026-07-15 00:25:06,628 - INFO - Final nunique by field: patient_id=1000, first_name=455, last_name=452, age=29, gender=2, blood_type=7, diagnosis=1000, admission_date=75, discharge_date=72, doctor=1000, department=6, room_number=173
2026-07-15 00:25:06,628 - INFO - Final nunique by field: patient_id=1000, first_name=455, last_name=452, age=29, gender=2, blood_type=7, diagnosis=1000, admission_date=75, discharge_date=72, doctor=1000, department=6, room_number=173
2026-07-15 00:25:06,628 - INFO - Final nunique by field: patient_id=1000, first_name=455, last_name=452, age=29, gender=2, blood_type=7, diagnosis=1000, admission_date=75, discharge_date=72, doctor=1000, department=6, room_number=173
2026-07-15 00:25:06,628 - INFO - Final nunique by field: patient_id=1000, first_name=455, last_name=452, age=29, gender=2, blood_type=7, diagnosis=1000, admission_date=75, discharge_date=72, doctor=1000, department=6, room_number=173
2026-07-15 00:25:06,637 - INFO - Datetime 'admission_date': nunique=75, min=2026-01-05 00:00:00, max=2026-03-20 00:00:00
2026-07-15 00:25:06,637 - INFO - Datetime 'admission_date': nunique=75, min=2026-01-05 00:00:00, max=2026-03-20 00:00:00
2026-07-15 00:25:06,637 - INFO - Datetime 'admission_date': nunique=75, min=2026-01-05 00:00:00, max=2026-03-20 00:00:00
2026-07-15 00:25:06,637 - INFO - Datetime 'admission_date': nunique=75, min=2026-01-05 00:00:00, max=2026-03-20 00:00:00
2026-07-15 00:25:06,637 - INFO - Datetime 'admission_date': nunique=75, min=2026-01-05 00:00:00, max=2026-03-20 00:00:00
2026-07-15 00:25:06,637 - INFO - Datetime 'admission_date': nunique=75, min=2026-01-05 00:00:00, max=2026-03-20 00:00:00
2026-07-15 00:25:06,637 - INFO - Datetime 'admission_date': nunique=75, min=2026-01-05 00:00:00, max=2026-03-20 00:00:00
2026-07-15 00:25:06,637 - INFO - Datetime 'admission_date': nunique=75, min=2026-01-05 00:00:00, max=2026-03-20 00:00:00
2026-07-15 00:25:06,641 - INFO - Datetime 'discharge_date': nunique=72, min=2026-01-09 00:00:00, max=2026-03-21 00:00:00
2026-07-15 00:25:06,641 - INFO - Datetime 'discharge_date': nunique=72, min=2026-01-09 00:00:00, max=2026-03-21 00:00:00
2026-07-15 00:25:06,641 - INFO - Datetime 'discharge_date': nunique=72, min=2026-01-09 00:00:00, max=2026-03-21 00:00:00
2026-07-15 00:25:06,641 - INFO - Datetime 'discharge_date': nunique=72, min=2026-01-09 00:00:00, max=2026-03-21 00:00:00
2026-07-15 00:25:06,641 - INFO - Datetime 'discharge_date': nunique=72, min=2026-01-09 00:00:00, max=2026-03-21 00:00:00
2026-07-15 00:25:06,641 - INFO - Datetime 'discharge_date': nunique=72, min=2026-01-09 00:00:00, max=2026-03-21 00:00:00
2026-07-15 00:25:06,641 - INFO - Datetime 'discharge_date': nunique=72, min=2026-01-09 00:00:00, max=2026-03-21 00:00:00
2026-07-15 00:25:06,641 - INFO - Datetime 'discharge_date': nunique=72, min=2026-01-09 00:00:00, max=2026-03-21 00:00:00
2026-07-15 00:25:06,643 - INFO - Generated 1000 records from sample
2026-07-15 00:25:06,643 - INFO - Generated 1000 records from sample
2026-07-15 00:25:06,643 - INFO - Generated 1000 records from sample
2026-07-15 00:25:06,643 - INFO - Generated 1000 records from sample
2026-07-15 00:25:06,643 - INFO - Generated 1000 records from sample
2026-07-15 00:25:06,643 - INFO - Generated 1000 records from sample
2026-07-15 00:25:06,643 - INFO - Generated 1000 records from sample
2026-07-15 00:25:06,643 - INFO - Generated 1000 records from sample
2026-07-15 00:27:13,485 - INFO - Generating 1000 records from sample (6 rows)
2026-07-15 00:27:13,485 - INFO - Generating 1000 records from sample (6 rows)
2026-07-15 00:27:13,485 - INFO - Generating 1000 records from sample (6 rows)
2026-07-15 00:27:13,485 - INFO - Generating 1000 records from sample (6 rows)
2026-07-15 00:27:13,485 - INFO - Generating 1000 records from sample (6 rows)
2026-07-15 00:27:13,485 - INFO - Generating 1000 records from sample (6 rows)
2026-07-15 00:27:13,485 - INFO - Generating 1000 records from sample (6 rows)
2026-07-15 00:27:13,485 - INFO - Generating 1000 records from sample (6 rows)
2026-07-15 00:27:13,485 - INFO - Generating 1000 records from sample (6 rows)
2026-07-15 00:27:13,485 - INFO - Generating 1000 records from sample (6 rows)
2026-07-15 00:27:13,485 - INFO - Generating 1000 records from sample (6 rows)
2026-07-15 00:27:13,485 - INFO - Generating 1000 records from sample (6 rows)
2026-07-15 00:27:13,485 - INFO - Generating 1000 records from sample (6 rows)
2026-07-15 00:27:13,485 - INFO - Generating 1000 records from sample (6 rows)
2026-07-15 00:27:13,596 - INFO - Column roles: {'destination_pincode': 'pincode', 'weight_grams': 'numeric', 'cod': 'closed_categorical', 'cod_amount': 'numeric', 'order_value': 'numeric', 'courier': 'text_open', 'status': 'closed_categorical'}
2026-07-15 00:27:13,596 - INFO - Column roles: {'destination_pincode': 'pincode', 'weight_grams': 'numeric', 'cod': 'closed_categorical', 'cod_amount': 'numeric', 'order_value': 'numeric', 'courier': 'text_open', 'status': 'closed_categorical'}
2026-07-15 00:27:13,596 - INFO - Column roles: {'destination_pincode': 'pincode', 'weight_grams': 'numeric', 'cod': 'closed_categorical', 'cod_amount': 'numeric', 'order_value': 'numeric', 'courier': 'text_open', 'status': 'closed_categorical'}
2026-07-15 00:27:13,596 - INFO - Column roles: {'destination_pincode': 'pincode', 'weight_grams': 'numeric', 'cod': 'closed_categorical', 'cod_amount': 'numeric', 'order_value': 'numeric', 'courier': 'text_open', 'status': 'closed_categorical'}
2026-07-15 00:27:13,596 - INFO - Column roles: {'destination_pincode': 'pincode', 'weight_grams': 'numeric', 'cod': 'closed_categorical', 'cod_amount': 'numeric', 'order_value': 'numeric', 'courier': 'text_open', 'status': 'closed_categorical'}
2026-07-15 00:27:13,596 - INFO - Column roles: {'destination_pincode': 'pincode', 'weight_grams': 'numeric', 'cod': 'closed_categorical', 'cod_amount': 'numeric', 'order_value': 'numeric', 'courier': 'text_open', 'status': 'closed_categorical'}
2026-07-15 00:27:13,596 - INFO - Column roles: {'destination_pincode': 'pincode', 'weight_grams': 'numeric', 'cod': 'closed_categorical', 'cod_amount': 'numeric', 'order_value': 'numeric', 'courier': 'text_open', 'status': 'closed_categorical'}
2026-07-15 00:27:13,596 - INFO - Column roles: {'destination_pincode': 'pincode', 'weight_grams': 'numeric', 'cod': 'closed_categorical', 'cod_amount': 'numeric', 'order_value': 'numeric', 'courier': 'text_open', 'status': 'closed_categorical'}
2026-07-15 00:27:13,596 - INFO - Column roles: {'destination_pincode': 'pincode', 'weight_grams': 'numeric', 'cod': 'closed_categorical', 'cod_amount': 'numeric', 'order_value': 'numeric', 'courier': 'text_open', 'status': 'closed_categorical'}
2026-07-15 00:27:13,596 - INFO - Column roles: {'destination_pincode': 'pincode', 'weight_grams': 'numeric', 'cod': 'closed_categorical', 'cod_amount': 'numeric', 'order_value': 'numeric', 'courier': 'text_open', 'status': 'closed_categorical'}
2026-07-15 00:27:13,596 - INFO - Column roles: {'destination_pincode': 'pincode', 'weight_grams': 'numeric', 'cod': 'closed_categorical', 'cod_amount': 'numeric', 'order_value': 'numeric', 'courier': 'text_open', 'status': 'closed_categorical'}
2026-07-15 00:27:13,596 - INFO - Column roles: {'destination_pincode': 'pincode', 'weight_grams': 'numeric', 'cod': 'closed_categorical', 'cod_amount': 'numeric', 'order_value': 'numeric', 'courier': 'text_open', 'status': 'closed_categorical'}
2026-07-15 00:27:13,596 - INFO - Column roles: {'destination_pincode': 'pincode', 'weight_grams': 'numeric', 'cod': 'closed_categorical', 'cod_amount': 'numeric', 'order_value': 'numeric', 'courier': 'text_open', 'status': 'closed_categorical'}
2026-07-15 00:27:13,596 - INFO - Column roles: {'destination_pincode': 'pincode', 'weight_grams': 'numeric', 'cod': 'closed_categorical', 'cod_amount': 'numeric', 'order_value': 'numeric', 'courier': 'text_open', 'status': 'closed_categorical'}
2026-07-15 00:27:13,601 - INFO - CustomGenerator locale=en_IN india_mode=True india_phone=True
2026-07-15 00:27:13,601 - INFO - CustomGenerator locale=en_IN india_mode=True india_phone=True
2026-07-15 00:27:13,601 - INFO - CustomGenerator locale=en_IN india_mode=True india_phone=True
2026-07-15 00:27:13,601 - INFO - CustomGenerator locale=en_IN india_mode=True india_phone=True
2026-07-15 00:27:13,601 - INFO - CustomGenerator locale=en_IN india_mode=True india_phone=True
2026-07-15 00:27:13,601 - INFO - CustomGenerator locale=en_IN india_mode=True india_phone=True
2026-07-15 00:27:13,601 - INFO - CustomGenerator locale=en_IN india_mode=True india_phone=True
2026-07-15 00:27:13,601 - INFO - CustomGenerator locale=en_IN india_mode=True india_phone=True
2026-07-15 00:27:13,601 - INFO - CustomGenerator locale=en_IN india_mode=True india_phone=True
2026-07-15 00:27:13,601 - INFO - CustomGenerator locale=en_IN india_mode=True india_phone=True
2026-07-15 00:27:13,601 - INFO - CustomGenerator locale=en_IN india_mode=True india_phone=True
2026-07-15 00:27:13,601 - INFO - CustomGenerator locale=en_IN india_mode=True india_phone=True
2026-07-15 00:27:13,601 - INFO - CustomGenerator locale=en_IN india_mode=True india_phone=True
2026-07-15 00:27:13,601 - INFO - CustomGenerator locale=en_IN india_mode=True india_phone=True
2026-07-15 00:27:13,681 - INFO - Generation nunique by field: destination_pincode=709, weight_grams=24, cod=2, cod_amount=86, order_value=337, courier=1000, status=2
2026-07-15 00:27:13,681 - INFO - Generation nunique by field: destination_pincode=709, weight_grams=24, cod=2, cod_amount=86, order_value=337, courier=1000, status=2
2026-07-15 00:27:13,681 - INFO - Generation nunique by field: destination_pincode=709, weight_grams=24, cod=2, cod_amount=86, order_value=337, courier=1000, status=2
2026-07-15 00:27:13,681 - INFO - Generation nunique by field: destination_pincode=709, weight_grams=24, cod=2, cod_amount=86, order_value=337, courier=1000, status=2
2026-07-15 00:27:13,681 - INFO - Generation nunique by field: destination_pincode=709, weight_grams=24, cod=2, cod_amount=86, order_value=337, courier=1000, status=2
2026-07-15 00:27:13,681 - INFO - Generation nunique by field: destination_pincode=709, weight_grams=24, cod=2, cod_amount=86, order_value=337, courier=1000, status=2
2026-07-15 00:27:13,681 - INFO - Generation nunique by field: destination_pincode=709, weight_grams=24, cod=2, cod_amount=86, order_value=337, courier=1000, status=2
2026-07-15 00:27:13,681 - INFO - Generation nunique by field: destination_pincode=709, weight_grams=24, cod=2, cod_amount=86, order_value=337, courier=1000, status=2
2026-07-15 00:27:13,681 - INFO - Generation nunique by field: destination_pincode=709, weight_grams=24, cod=2, cod_amount=86, order_value=337, courier=1000, status=2
2026-07-15 00:27:13,681 - INFO - Generation nunique by field: destination_pincode=709, weight_grams=24, cod=2, cod_amount=86, order_value=337, courier=1000, status=2
2026-07-15 00:27:13,681 - INFO - Generation nunique by field: destination_pincode=709, weight_grams=24, cod=2, cod_amount=86, order_value=337, courier=1000, status=2
2026-07-15 00:27:13,681 - INFO - Generation nunique by field: destination_pincode=709, weight_grams=24, cod=2, cod_amount=86, order_value=337, courier=1000, status=2
2026-07-15 00:27:13,681 - INFO - Generation nunique by field: destination_pincode=709, weight_grams=24, cod=2, cod_amount=86, order_value=337, courier=1000, status=2
2026-07-15 00:27:13,681 - INFO - Generation nunique by field: destination_pincode=709, weight_grams=24, cod=2, cod_amount=86, order_value=337, courier=1000, status=2
2026-07-15 00:27:13,682 - INFO - Generation validation passed
2026-07-15 00:27:13,682 - INFO - Generation validation passed
2026-07-15 00:27:13,682 - INFO - Generation validation passed
2026-07-15 00:27:13,682 - INFO - Generation validation passed
2026-07-15 00:27:13,682 - INFO - Generation validation passed
2026-07-15 00:27:13,682 - INFO - Generation validation passed
2026-07-15 00:27:13,682 - INFO - Generation validation passed
2026-07-15 00:27:13,682 - INFO - Generation validation passed
2026-07-15 00:27:13,682 - INFO - Generation validation passed
2026-07-15 00:27:13,682 - INFO - Generation validation passed
2026-07-15 00:27:13,682 - INFO - Generation validation passed
2026-07-15 00:27:13,682 - INFO - Generation validation passed
2026-07-15 00:27:13,682 - INFO - Generation validation passed
2026-07-15 00:27:13,682 - INFO - Generation validation passed
2026-07-15 00:27:13,685 - INFO - Privacy anonymization skipped for custom synthetic data (generated values are synthetic, not uploaded PII)
2026-07-15 00:27:13,685 - INFO - Privacy anonymization skipped for custom synthetic data (generated values are synthetic, not uploaded PII)
2026-07-15 00:27:13,685 - INFO - Privacy anonymization skipped for custom synthetic data (generated values are synthetic, not uploaded PII)
2026-07-15 00:27:13,685 - INFO - Privacy anonymization skipped for custom synthetic data (generated values are synthetic, not uploaded PII)
2026-07-15 00:27:13,685 - INFO - Privacy anonymization skipped for custom synthetic data (generated values are synthetic, not uploaded PII)
2026-07-15 00:27:13,685 - INFO - Privacy anonymization skipped for custom synthetic data (generated values are synthetic, not uploaded PII)
2026-07-15 00:27:13,685 - INFO - Privacy anonymization skipped for custom synthetic data (generated values are synthetic, not uploaded PII)
2026-07-15 00:27:13,685 - INFO - Privacy anonymization skipped for custom synthetic data (generated values are synthetic, not uploaded PII)
2026-07-15 00:27:13,685 - INFO - Privacy anonymization skipped for custom synthetic data (generated values are synthetic, not uploaded PII)
2026-07-15 00:27:13,685 - INFO - Privacy anonymization skipped for custom synthetic data (generated values are synthetic, not uploaded PII)
2026-07-15 00:27:13,685 - INFO - Privacy anonymization skipped for custom synthetic data (generated values are synthetic, not uploaded PII)
2026-07-15 00:27:13,685 - INFO - Privacy anonymization skipped for custom synthetic data (generated values are synthetic, not uploaded PII)
2026-07-15 00:27:13,685 - INFO - Privacy anonymization skipped for custom synthetic data (generated values are synthetic, not uploaded PII)
2026-07-15 00:27:13,685 - INFO - Privacy anonymization skipped for custom synthetic data (generated values are synthetic, not uploaded PII)
2026-07-15 00:27:13,719 - INFO - Final nunique by field: destination_pincode=709, weight_grams=24, cod=2, cod_amount=86, order_value=337, courier=1000, status=2
2026-07-15 00:27:13,719 - INFO - Final nunique by field: destination_pincode=709, weight_grams=24, cod=2, cod_amount=86, order_value=337, courier=1000, status=2
2026-07-15 00:27:13,719 - INFO - Final nunique by field: destination_pincode=709, weight_grams=24, cod=2, cod_amount=86, order_value=337, courier=1000, status=2
2026-07-15 00:27:13,719 - INFO - Final nunique by field: destination_pincode=709, weight_grams=24, cod=2, cod_amount=86, order_value=337, courier=1000, status=2
2026-07-15 00:27:13,719 - INFO - Final nunique by field: destination_pincode=709, weight_grams=24, cod=2, cod_amount=86, order_value=337, courier=1000, status=2
2026-07-15 00:27:13,719 - INFO - Final nunique by field: destination_pincode=709, weight_grams=24, cod=2, cod_amount=86, order_value=337, courier=1000, status=2
2026-07-15 00:27:13,719 - INFO - Final nunique by field: destination_pincode=709, weight_grams=24, cod=2, cod_amount=86, order_value=337, courier=1000, status=2
2026-07-15 00:27:13,719 - INFO - Final nunique by field: destination_pincode=709, weight_grams=24, cod=2, cod_amount=86, order_value=337, courier=1000, status=2
2026-07-15 00:27:13,719 - INFO - Final nunique by field: destination_pincode=709, weight_grams=24, cod=2, cod_amount=86, order_value=337, courier=1000, status=2
2026-07-15 00:27:13,719 - INFO - Final nunique by field: destination_pincode=709, weight_grams=24, cod=2, cod_amount=86, order_value=337, courier=1000, status=2
2026-07-15 00:27:13,719 - INFO - Final nunique by field: destination_pincode=709, weight_grams=24, cod=2, cod_amount=86, order_value=337, courier=1000, status=2
2026-07-15 00:27:13,719 - INFO - Final nunique by field: destination_pincode=709, weight_grams=24, cod=2, cod_amount=86, order_value=337, courier=1000, status=2
2026-07-15 00:27:13,719 - INFO - Final nunique by field: destination_pincode=709, weight_grams=24, cod=2, cod_amount=86, order_value=337, courier=1000, status=2
2026-07-15 00:27:13,719 - INFO - Final nunique by field: destination_pincode=709, weight_grams=24, cod=2, cod_amount=86, order_value=337, courier=1000, status=2
2026-07-15 00:27:13,720 - INFO - Generated 1000 records from sample
2026-07-15 00:27:13,720 - INFO - Generated 1000 records from sample
2026-07-15 00:27:13,720 - INFO - Generated 1000 records from sample
2026-07-15 00:27:13,720 - INFO - Generated 1000 records from sample
2026-07-15 00:27:13,720 - INFO - Generated 1000 records from sample
2026-07-15 00:27:13,720 - INFO - Generated 1000 records from sample
2026-07-15 00:27:13,720 - INFO - Generated 1000 records from sample
2026-07-15 00:27:13,720 - INFO - Generated 1000 records from sample
2026-07-15 00:27:13,720 - INFO - Generated 1000 records from sample
2026-07-15 00:27:13,720 - INFO - Generated 1000 records from sample
2026-07-15 00:27:13,720 - INFO - Generated 1000 records from sample
2026-07-15 00:27:13,720 - INFO - Generated 1000 records from sample
2026-07-15 00:27:13,720 - INFO - Generated 1000 records from sample
2026-07-15 00:27:13,720 - INFO - Generated 1000 records from sample
2026-07-15 00:28:15,610 - INFO - Generating 1000 records from sample (7 rows)
2026-07-15 00:28:15,610 - INFO - Generating 1000 records from sample (7 rows)
2026-07-15 00:28:15,610 - INFO - Generating 1000 records from sample (7 rows)
2026-07-15 00:28:15,610 - INFO - Generating 1000 records from sample (7 rows)
2026-07-15 00:28:15,610 - INFO - Generating 1000 records from sample (7 rows)
2026-07-15 00:28:15,610 - INFO - Generating 1000 records from sample (7 rows)
2026-07-15 00:28:15,610 - INFO - Generating 1000 records from sample (7 rows)
2026-07-15 00:28:15,610 - INFO - Generating 1000 records from sample (7 rows)
2026-07-15 00:28:15,610 - INFO - Generating 1000 records from sample (7 rows)
2026-07-15 00:28:15,610 - INFO - Generating 1000 records from sample (7 rows)
2026-07-15 00:28:15,610 - INFO - Generating 1000 records from sample (7 rows)
2026-07-15 00:28:15,610 - INFO - Generating 1000 records from sample (7 rows)
2026-07-15 00:28:15,610 - INFO - Generating 1000 records from sample (7 rows)
2026-07-15 00:28:15,610 - INFO - Generating 1000 records from sample (7 rows)
2026-07-15 00:28:15,610 - INFO - Generating 1000 records from sample (7 rows)
2026-07-15 00:28:15,610 - INFO - Generating 1000 records from sample (7 rows)
2026-07-15 00:28:15,610 - INFO - Generating 1000 records from sample (7 rows)
2026-07-15 00:28:15,610 - INFO - Generating 1000 records from sample (7 rows)
2026-07-15 00:28:15,610 - INFO - Generating 1000 records from sample (7 rows)
2026-07-15 00:28:15,610 - INFO - Generating 1000 records from sample (7 rows)
2026-07-15 00:28:15,610 - INFO - Generating 1000 records from sample (7 rows)
2026-07-15 00:28:15,755 - INFO - Column roles: {'reading_id': 'id', 'device_id': 'id', 'sensor_type': 'closed_categorical', 'location': 'address', 'timestamp': 'datetime', 'value': 'numeric', 'unit': 'closed_categorical', 'battery_level': 'numeric', 'status': 'closed_categorical'}
2026-07-15 00:28:15,755 - INFO - Column roles: {'reading_id': 'id', 'device_id': 'id', 'sensor_type': 'closed_categorical', 'location': 'address', 'timestamp': 'datetime', 'value': 'numeric', 'unit': 'closed_categorical', 'battery_level': 'numeric', 'status': 'closed_categorical'}
2026-07-15 00:28:15,755 - INFO - Column roles: {'reading_id': 'id', 'device_id': 'id', 'sensor_type': 'closed_categorical', 'location': 'address', 'timestamp': 'datetime', 'value': 'numeric', 'unit': 'closed_categorical', 'battery_level': 'numeric', 'status': 'closed_categorical'}
2026-07-15 00:28:15,755 - INFO - Column roles: {'reading_id': 'id', 'device_id': 'id', 'sensor_type': 'closed_categorical', 'location': 'address', 'timestamp': 'datetime', 'value': 'numeric', 'unit': 'closed_categorical', 'battery_level': 'numeric', 'status': 'closed_categorical'}
2026-07-15 00:28:15,755 - INFO - Column roles: {'reading_id': 'id', 'device_id': 'id', 'sensor_type': 'closed_categorical', 'location': 'address', 'timestamp': 'datetime', 'value': 'numeric', 'unit': 'closed_categorical', 'battery_level': 'numeric', 'status': 'closed_categorical'}
2026-07-15 00:28:15,755 - INFO - Column roles: {'reading_id': 'id', 'device_id': 'id', 'sensor_type': 'closed_categorical', 'location': 'address', 'timestamp': 'datetime', 'value': 'numeric', 'unit': 'closed_categorical', 'battery_level': 'numeric', 'status': 'closed_categorical'}
2026-07-15 00:28:15,755 - INFO - Column roles: {'reading_id': 'id', 'device_id': 'id', 'sensor_type': 'closed_categorical', 'location': 'address', 'timestamp': 'datetime', 'value': 'numeric', 'unit': 'closed_categorical', 'battery_level': 'numeric', 'status': 'closed_categorical'}
2026-07-15 00:28:15,755 - INFO - Column roles: {'reading_id': 'id', 'device_id': 'id', 'sensor_type': 'closed_categorical', 'location': 'address', 'timestamp': 'datetime', 'value': 'numeric', 'unit': 'closed_categorical', 'battery_level': 'numeric', 'status': 'closed_categorical'}
2026-07-15 00:28:15,755 - INFO - Column roles: {'reading_id': 'id', 'device_id': 'id', 'sensor_type': 'closed_categorical', 'location': 'address', 'timestamp': 'datetime', 'value': 'numeric', 'unit': 'closed_categorical', 'battery_level': 'numeric', 'status': 'closed_categorical'}
2026-07-15 00:28:15,755 - INFO - Column roles: {'reading_id': 'id', 'device_id': 'id', 'sensor_type': 'closed_categorical', 'location': 'address', 'timestamp': 'datetime', 'value': 'numeric', 'unit': 'closed_categorical', 'battery_level': 'numeric', 'status': 'closed_categorical'}
2026-07-15 00:28:15,755 - INFO - Column roles: {'reading_id': 'id', 'device_id': 'id', 'sensor_type': 'closed_categorical', 'location': 'address', 'timestamp': 'datetime', 'value': 'numeric', 'unit': 'closed_categorical', 'battery_level': 'numeric', 'status': 'closed_categorical'}
2026-07-15 00:28:15,755 - INFO - Column roles: {'reading_id': 'id', 'device_id': 'id', 'sensor_type': 'closed_categorical', 'location': 'address', 'timestamp': 'datetime', 'value': 'numeric', 'unit': 'closed_categorical', 'battery_level': 'numeric', 'status': 'closed_categorical'}
2026-07-15 00:28:15,755 - INFO - Column roles: {'reading_id': 'id', 'device_id': 'id', 'sensor_type': 'closed_categorical', 'location': 'address', 'timestamp': 'datetime', 'value': 'numeric', 'unit': 'closed_categorical', 'battery_level': 'numeric', 'status': 'closed_categorical'}
2026-07-15 00:28:15,755 - INFO - Column roles: {'reading_id': 'id', 'device_id': 'id', 'sensor_type': 'closed_categorical', 'location': 'address', 'timestamp': 'datetime', 'value': 'numeric', 'unit': 'closed_categorical', 'battery_level': 'numeric', 'status': 'closed_categorical'}
2026-07-15 00:28:15,755 - INFO - Column roles: {'reading_id': 'id', 'device_id': 'id', 'sensor_type': 'closed_categorical', 'location': 'address', 'timestamp': 'datetime', 'value': 'numeric', 'unit': 'closed_categorical', 'battery_level': 'numeric', 'status': 'closed_categorical'}
2026-07-15 00:28:15,755 - INFO - Column roles: {'reading_id': 'id', 'device_id': 'id', 'sensor_type': 'closed_categorical', 'location': 'address', 'timestamp': 'datetime', 'value': 'numeric', 'unit': 'closed_categorical', 'battery_level': 'numeric', 'status': 'closed_categorical'}
2026-07-15 00:28:15,755 - INFO - Column roles: {'reading_id': 'id', 'device_id': 'id', 'sensor_type': 'closed_categorical', 'location': 'address', 'timestamp': 'datetime', 'value': 'numeric', 'unit': 'closed_categorical', 'battery_level': 'numeric', 'status': 'closed_categorical'}
2026-07-15 00:28:15,755 - INFO - Column roles: {'reading_id': 'id', 'device_id': 'id', 'sensor_type': 'closed_categorical', 'location': 'address', 'timestamp': 'datetime', 'value': 'numeric', 'unit': 'closed_categorical', 'battery_level': 'numeric', 'status': 'closed_categorical'}
2026-07-15 00:28:15,755 - INFO - Column roles: {'reading_id': 'id', 'device_id': 'id', 'sensor_type': 'closed_categorical', 'location': 'address', 'timestamp': 'datetime', 'value': 'numeric', 'unit': 'closed_categorical', 'battery_level': 'numeric', 'status': 'closed_categorical'}
2026-07-15 00:28:15,755 - INFO - Column roles: {'reading_id': 'id', 'device_id': 'id', 'sensor_type': 'closed_categorical', 'location': 'address', 'timestamp': 'datetime', 'value': 'numeric', 'unit': 'closed_categorical', 'battery_level': 'numeric', 'status': 'closed_categorical'}
2026-07-15 00:28:15,755 - INFO - Column roles: {'reading_id': 'id', 'device_id': 'id', 'sensor_type': 'closed_categorical', 'location': 'address', 'timestamp': 'datetime', 'value': 'numeric', 'unit': 'closed_categorical', 'battery_level': 'numeric', 'status': 'closed_categorical'}
2026-07-15 00:28:15,764 - INFO - CustomGenerator locale=en_IN india_mode=False india_phone=False
2026-07-15 00:28:15,764 - INFO - CustomGenerator locale=en_IN india_mode=False india_phone=False
2026-07-15 00:28:15,764 - INFO - CustomGenerator locale=en_IN india_mode=False india_phone=False
2026-07-15 00:28:15,764 - INFO - CustomGenerator locale=en_IN india_mode=False india_phone=False
2026-07-15 00:28:15,764 - INFO - CustomGenerator locale=en_IN india_mode=False india_phone=False
2026-07-15 00:28:15,764 - INFO - CustomGenerator locale=en_IN india_mode=False india_phone=False
2026-07-15 00:28:15,764 - INFO - CustomGenerator locale=en_IN india_mode=False india_phone=False
2026-07-15 00:28:15,764 - INFO - CustomGenerator locale=en_IN india_mode=False india_phone=False
2026-07-15 00:28:15,764 - INFO - CustomGenerator locale=en_IN india_mode=False india_phone=False
2026-07-15 00:28:15,764 - INFO - CustomGenerator locale=en_IN india_mode=False india_phone=False
2026-07-15 00:28:15,764 - INFO - CustomGenerator locale=en_IN india_mode=False india_phone=False
2026-07-15 00:28:15,764 - INFO - CustomGenerator locale=en_IN india_mode=False india_phone=False
2026-07-15 00:28:15,764 - INFO - CustomGenerator locale=en_IN india_mode=False india_phone=False
2026-07-15 00:28:15,764 - INFO - CustomGenerator locale=en_IN india_mode=False india_phone=False
2026-07-15 00:28:15,764 - INFO - CustomGenerator locale=en_IN india_mode=False india_phone=False
2026-07-15 00:28:15,764 - INFO - CustomGenerator locale=en_IN india_mode=False india_phone=False
2026-07-15 00:28:15,764 - INFO - CustomGenerator locale=en_IN india_mode=False india_phone=False
2026-07-15 00:28:15,764 - INFO - CustomGenerator locale=en_IN india_mode=False india_phone=False
2026-07-15 00:28:15,764 - INFO - CustomGenerator locale=en_IN india_mode=False india_phone=False
2026-07-15 00:28:15,764 - INFO - CustomGenerator locale=en_IN india_mode=False india_phone=False
2026-07-15 00:28:15,764 - INFO - CustomGenerator locale=en_IN india_mode=False india_phone=False
2026-07-15 00:28:15,920 - INFO - Generation nunique by field: reading_id=1000, device_id=1000, sensor_type=5, location=1000, timestamp=6, value=836, unit=5, battery_level=33, status=4
2026-07-15 00:28:15,920 - INFO - Generation nunique by field: reading_id=1000, device_id=1000, sensor_type=5, location=1000, timestamp=6, value=836, unit=5, battery_level=33, status=4
2026-07-15 00:28:15,920 - INFO - Generation nunique by field: reading_id=1000, device_id=1000, sensor_type=5, location=1000, timestamp=6, value=836, unit=5, battery_level=33, status=4
2026-07-15 00:28:15,920 - INFO - Generation nunique by field: reading_id=1000, device_id=1000, sensor_type=5, location=1000, timestamp=6, value=836, unit=5, battery_level=33, status=4
2026-07-15 00:28:15,920 - INFO - Generation nunique by field: reading_id=1000, device_id=1000, sensor_type=5, location=1000, timestamp=6, value=836, unit=5, battery_level=33, status=4
2026-07-15 00:28:15,920 - INFO - Generation nunique by field: reading_id=1000, device_id=1000, sensor_type=5, location=1000, timestamp=6, value=836, unit=5, battery_level=33, status=4
2026-07-15 00:28:15,920 - INFO - Generation nunique by field: reading_id=1000, device_id=1000, sensor_type=5, location=1000, timestamp=6, value=836, unit=5, battery_level=33, status=4
2026-07-15 00:28:15,920 - INFO - Generation nunique by field: reading_id=1000, device_id=1000, sensor_type=5, location=1000, timestamp=6, value=836, unit=5, battery_level=33, status=4
2026-07-15 00:28:15,920 - INFO - Generation nunique by field: reading_id=1000, device_id=1000, sensor_type=5, location=1000, timestamp=6, value=836, unit=5, battery_level=33, status=4
2026-07-15 00:28:15,920 - INFO - Generation nunique by field: reading_id=1000, device_id=1000, sensor_type=5, location=1000, timestamp=6, value=836, unit=5, battery_level=33, status=4
2026-07-15 00:28:15,920 - INFO - Generation nunique by field: reading_id=1000, device_id=1000, sensor_type=5, location=1000, timestamp=6, value=836, unit=5, battery_level=33, status=4
2026-07-15 00:28:15,920 - INFO - Generation nunique by field: reading_id=1000, device_id=1000, sensor_type=5, location=1000, timestamp=6, value=836, unit=5, battery_level=33, status=4
2026-07-15 00:28:15,920 - INFO - Generation nunique by field: reading_id=1000, device_id=1000, sensor_type=5, location=1000, timestamp=6, value=836, unit=5, battery_level=33, status=4
2026-07-15 00:28:15,920 - INFO - Generation nunique by field: reading_id=1000, device_id=1000, sensor_type=5, location=1000, timestamp=6, value=836, unit=5, battery_level=33, status=4
2026-07-15 00:28:15,920 - INFO - Generation nunique by field: reading_id=1000, device_id=1000, sensor_type=5, location=1000, timestamp=6, value=836, unit=5, battery_level=33, status=4
2026-07-15 00:28:15,920 - INFO - Generation nunique by field: reading_id=1000, device_id=1000, sensor_type=5, location=1000, timestamp=6, value=836, unit=5, battery_level=33, status=4
2026-07-15 00:28:15,920 - INFO - Generation nunique by field: reading_id=1000, device_id=1000, sensor_type=5, location=1000, timestamp=6, value=836, unit=5, battery_level=33, status=4
2026-07-15 00:28:15,920 - INFO - Generation nunique by field: reading_id=1000, device_id=1000, sensor_type=5, location=1000, timestamp=6, value=836, unit=5, battery_level=33, status=4
2026-07-15 00:28:15,920 - INFO - Generation nunique by field: reading_id=1000, device_id=1000, sensor_type=5, location=1000, timestamp=6, value=836, unit=5, battery_level=33, status=4
2026-07-15 00:28:15,920 - INFO - Generation nunique by field: reading_id=1000, device_id=1000, sensor_type=5, location=1000, timestamp=6, value=836, unit=5, battery_level=33, status=4
2026-07-15 00:28:15,920 - INFO - Generation nunique by field: reading_id=1000, device_id=1000, sensor_type=5, location=1000, timestamp=6, value=836, unit=5, battery_level=33, status=4
2026-07-15 00:28:15,922 - INFO - Generation validation passed
2026-07-15 00:28:15,922 - INFO - Generation validation passed
2026-07-15 00:28:15,922 - INFO - Generation validation passed
2026-07-15 00:28:15,922 - INFO - Generation validation passed
2026-07-15 00:28:15,922 - INFO - Generation validation passed
2026-07-15 00:28:15,922 - INFO - Generation validation passed
2026-07-15 00:28:15,922 - INFO - Generation validation passed
2026-07-15 00:28:15,922 - INFO - Generation validation passed
2026-07-15 00:28:15,922 - INFO - Generation validation passed
2026-07-15 00:28:15,922 - INFO - Generation validation passed
2026-07-15 00:28:15,922 - INFO - Generation validation passed
2026-07-15 00:28:15,922 - INFO - Generation validation passed
2026-07-15 00:28:15,922 - INFO - Generation validation passed
2026-07-15 00:28:15,922 - INFO - Generation validation passed
2026-07-15 00:28:15,922 - INFO - Generation validation passed
2026-07-15 00:28:15,922 - INFO - Generation validation passed
2026-07-15 00:28:15,922 - INFO - Generation validation passed
2026-07-15 00:28:15,922 - INFO - Generation validation passed
2026-07-15 00:28:15,922 - INFO - Generation validation passed
2026-07-15 00:28:15,922 - INFO - Generation validation passed
2026-07-15 00:28:15,922 - INFO - Generation validation passed
2026-07-15 00:28:15,924 - INFO - Privacy anonymization skipped for custom synthetic data (generated values are synthetic, not uploaded PII)
2026-07-15 00:28:15,924 - INFO - Privacy anonymization skipped for custom synthetic data (generated values are synthetic, not uploaded PII)
2026-07-15 00:28:15,924 - INFO - Privacy anonymization skipped for custom synthetic data (generated values are synthetic, not uploaded PII)
2026-07-15 00:28:15,924 - INFO - Privacy anonymization skipped for custom synthetic data (generated values are synthetic, not uploaded PII)
2026-07-15 00:28:15,924 - INFO - Privacy anonymization skipped for custom synthetic data (generated values are synthetic, not uploaded PII)
2026-07-15 00:28:15,924 - INFO - Privacy anonymization skipped for custom synthetic data (generated values are synthetic, not uploaded PII)
2026-07-15 00:28:15,924 - INFO - Privacy anonymization skipped for custom synthetic data (generated values are synthetic, not uploaded PII)
2026-07-15 00:28:15,924 - INFO - Privacy anonymization skipped for custom synthetic data (generated values are synthetic, not uploaded PII)
2026-07-15 00:28:15,924 - INFO - Privacy anonymization skipped for custom synthetic data (generated values are synthetic, not uploaded PII)
2026-07-15 00:28:15,924 - INFO - Privacy anonymization skipped for custom synthetic data (generated values are synthetic, not uploaded PII)
2026-07-15 00:28:15,924 - INFO - Privacy anonymization skipped for custom synthetic data (generated values are synthetic, not uploaded PII)
2026-07-15 00:28:15,924 - INFO - Privacy anonymization skipped for custom synthetic data (generated values are synthetic, not uploaded PII)
2026-07-15 00:28:15,924 - INFO - Privacy anonymization skipped for custom synthetic data (generated values are synthetic, not uploaded PII)
2026-07-15 00:28:15,924 - INFO - Privacy anonymization skipped for custom synthetic data (generated values are synthetic, not uploaded PII)
2026-07-15 00:28:15,924 - INFO - Privacy anonymization skipped for custom synthetic data (generated values are synthetic, not uploaded PII)
2026-07-15 00:28:15,924 - INFO - Privacy anonymization skipped for custom synthetic data (generated values are synthetic, not uploaded PII)
2026-07-15 00:28:15,924 - INFO - Privacy anonymization skipped for custom synthetic data (generated values are synthetic, not uploaded PII)
2026-07-15 00:28:15,924 - INFO - Privacy anonymization skipped for custom synthetic data (generated values are synthetic, not uploaded PII)
2026-07-15 00:28:15,924 - INFO - Privacy anonymization skipped for custom synthetic data (generated values are synthetic, not uploaded PII)
2026-07-15 00:28:15,924 - INFO - Privacy anonymization skipped for custom synthetic data (generated values are synthetic, not uploaded PII)
2026-07-15 00:28:15,924 - INFO - Privacy anonymization skipped for custom synthetic data (generated values are synthetic, not uploaded PII)
2026-07-15 00:28:15,955 - INFO - Final nunique by field: reading_id=1000, device_id=1000, sensor_type=5, location=1000, timestamp=6, value=836, unit=5, battery_level=33, status=4
2026-07-15 00:28:15,955 - INFO - Final nunique by field: reading_id=1000, device_id=1000, sensor_type=5, location=1000, timestamp=6, value=836, unit=5, battery_level=33, status=4
2026-07-15 00:28:15,955 - INFO - Final nunique by field: reading_id=1000, device_id=1000, sensor_type=5, location=1000, timestamp=6, value=836, unit=5, battery_level=33, status=4
2026-07-15 00:28:15,955 - INFO - Final nunique by field: reading_id=1000, device_id=1000, sensor_type=5, location=1000, timestamp=6, value=836, unit=5, battery_level=33, status=4
2026-07-15 00:28:15,955 - INFO - Final nunique by field: reading_id=1000, device_id=1000, sensor_type=5, location=1000, timestamp=6, value=836, unit=5, battery_level=33, status=4
2026-07-15 00:28:15,955 - INFO - Final nunique by field: reading_id=1000, device_id=1000, sensor_type=5, location=1000, timestamp=6, value=836, unit=5, battery_level=33, status=4
2026-07-15 00:28:15,955 - INFO - Final nunique by field: reading_id=1000, device_id=1000, sensor_type=5, location=1000, timestamp=6, value=836, unit=5, battery_level=33, status=4
2026-07-15 00:28:15,955 - INFO - Final nunique by field: reading_id=1000, device_id=1000, sensor_type=5, location=1000, timestamp=6, value=836, unit=5, battery_level=33, status=4
2026-07-15 00:28:15,955 - INFO - Final nunique by field: reading_id=1000, device_id=1000, sensor_type=5, location=1000, timestamp=6, value=836, unit=5, battery_level=33, status=4
2026-07-15 00:28:15,955 - INFO - Final nunique by field: reading_id=1000, device_id=1000, sensor_type=5, location=1000, timestamp=6, value=836, unit=5, battery_level=33, status=4
2026-07-15 00:28:15,955 - INFO - Final nunique by field: reading_id=1000, device_id=1000, sensor_type=5, location=1000, timestamp=6, value=836, unit=5, battery_level=33, status=4
2026-07-15 00:28:15,955 - INFO - Final nunique by field: reading_id=1000, device_id=1000, sensor_type=5, location=1000, timestamp=6, value=836, unit=5, battery_level=33, status=4
2026-07-15 00:28:15,955 - INFO - Final nunique by field: reading_id=1000, device_id=1000, sensor_type=5, location=1000, timestamp=6, value=836, unit=5, battery_level=33, status=4
2026-07-15 00:28:15,955 - INFO - Final nunique by field: reading_id=1000, device_id=1000, sensor_type=5, location=1000, timestamp=6, value=836, unit=5, battery_level=33, status=4
2026-07-15 00:28:15,955 - INFO - Final nunique by field: reading_id=1000, device_id=1000, sensor_type=5, location=1000, timestamp=6, value=836, unit=5, battery_level=33, status=4
2026-07-15 00:28:15,955 - INFO - Final nunique by field: reading_id=1000, device_id=1000, sensor_type=5, location=1000, timestamp=6, value=836, unit=5, battery_level=33, status=4
2026-07-15 00:28:15,955 - INFO - Final nunique by field: reading_id=1000, device_id=1000, sensor_type=5, location=1000, timestamp=6, value=836, unit=5, battery_level=33, status=4
2026-07-15 00:28:15,955 - INFO - Final nunique by field: reading_id=1000, device_id=1000, sensor_type=5, location=1000, timestamp=6, value=836, unit=5, battery_level=33, status=4
2026-07-15 00:28:15,955 - INFO - Final nunique by field: reading_id=1000, device_id=1000, sensor_type=5, location=1000, timestamp=6, value=836, unit=5, battery_level=33, status=4
2026-07-15 00:28:15,955 - INFO - Final nunique by field: reading_id=1000, device_id=1000, sensor_type=5, location=1000, timestamp=6, value=836, unit=5, battery_level=33, status=4
2026-07-15 00:28:15,955 - INFO - Final nunique by field: reading_id=1000, device_id=1000, sensor_type=5, location=1000, timestamp=6, value=836, unit=5, battery_level=33, status=4
2026-07-15 00:28:15,960 - INFO - Datetime 'timestamp': nunique=6, min=2026-03-01 08:00:00, max=2026-03-01 10:05:00
2026-07-15 00:28:15,960 - INFO - Datetime 'timestamp': nunique=6, min=2026-03-01 08:00:00, max=2026-03-01 10:05:00
2026-07-15 00:28:15,960 - INFO - Datetime 'timestamp': nunique=6, min=2026-03-01 08:00:00, max=2026-03-01 10:05:00
2026-07-15 00:28:15,960 - INFO - Datetime 'timestamp': nunique=6, min=2026-03-01 08:00:00, max=2026-03-01 10:05:00
2026-07-15 00:28:15,960 - INFO - Datetime 'timestamp': nunique=6, min=2026-03-01 08:00:00, max=2026-03-01 10:05:00
2026-07-15 00:28:15,960 - INFO - Datetime 'timestamp': nunique=6, min=2026-03-01 08:00:00, max=2026-03-01 10:05:00
2026-07-15 00:28:15,960 - INFO - Datetime 'timestamp': nunique=6, min=2026-03-01 08:00:00, max=2026-03-01 10:05:00
2026-07-15 00:28:15,960 - INFO - Datetime 'timestamp': nunique=6, min=2026-03-01 08:00:00, max=2026-03-01 10:05:00
2026-07-15 00:28:15,960 - INFO - Datetime 'timestamp': nunique=6, min=2026-03-01 08:00:00, max=2026-03-01 10:05:00
2026-07-15 00:28:15,960 - INFO - Datetime 'timestamp': nunique=6, min=2026-03-01 08:00:00, max=2026-03-01 10:05:00
2026-07-15 00:28:15,960 - INFO - Datetime 'timestamp': nunique=6, min=2026-03-01 08:00:00, max=2026-03-01 10:05:00
2026-07-15 00:28:15,960 - INFO - Datetime 'timestamp': nunique=6, min=2026-03-01 08:00:00, max=2026-03-01 10:05:00
2026-07-15 00:28:15,960 - INFO - Datetime 'timestamp': nunique=6, min=2026-03-01 08:00:00, max=2026-03-01 10:05:00
2026-07-15 00:28:15,960 - INFO - Datetime 'timestamp': nunique=6, min=2026-03-01 08:00:00, max=2026-03-01 10:05:00
2026-07-15 00:28:15,960 - INFO - Datetime 'timestamp': nunique=6, min=2026-03-01 08:00:00, max=2026-03-01 10:05:00
2026-07-15 00:28:15,960 - INFO - Datetime 'timestamp': nunique=6, min=2026-03-01 08:00:00, max=2026-03-01 10:05:00
2026-07-15 00:28:15,960 - INFO - Datetime 'timestamp': nunique=6, min=2026-03-01 08:00:00, max=2026-03-01 10:05:00
2026-07-15 00:28:15,960 - INFO - Datetime 'timestamp': nunique=6, min=2026-03-01 08:00:00, max=2026-03-01 10:05:00
2026-07-15 00:28:15,960 - INFO - Datetime 'timestamp': nunique=6, min=2026-03-01 08:00:00, max=2026-03-01 10:05:00
2026-07-15 00:28:15,960 - INFO - Datetime 'timestamp': nunique=6, min=2026-03-01 08:00:00, max=2026-03-01 10:05:00
2026-07-15 00:28:15,960 - INFO - Datetime 'timestamp': nunique=6, min=2026-03-01 08:00:00, max=2026-03-01 10:05:00
2026-07-15 00:28:15,962 - INFO - Generated 1000 records from sample
2026-07-15 00:28:15,962 - INFO - Generated 1000 records from sample
2026-07-15 00:28:15,962 - INFO - Generated 1000 records from sample
2026-07-15 00:28:15,962 - INFO - Generated 1000 records from sample
2026-07-15 00:28:15,962 - INFO - Generated 1000 records from sample
2026-07-15 00:28:15,962 - INFO - Generated 1000 records from sample
2026-07-15 00:28:15,962 - INFO - Generated 1000 records from sample
2026-07-15 00:28:15,962 - INFO - Generated 1000 records from sample
2026-07-15 00:28:15,962 - INFO - Generated 1000 records from sample
2026-07-15 00:28:15,962 - INFO - Generated 1000 records from sample
2026-07-15 00:28:15,962 - INFO - Generated 1000 records from sample
2026-07-15 00:28:15,962 - INFO - Generated 1000 records from sample
2026-07-15 00:28:15,962 - INFO - Generated 1000 records from sample
2026-07-15 00:28:15,962 - INFO - Generated 1000 records from sample
2026-07-15 00:28:15,962 - INFO - Generated 1000 records from sample
2026-07-15 00:28:15,962 - INFO - Generated 1000 records from sample
2026-07-15 00:28:15,962 - INFO - Generated 1000 records from sample
2026-07-15 00:28:15,962 - INFO - Generated 1000 records from sample
2026-07-15 00:28:15,962 - INFO - Generated 1000 records from sample
2026-07-15 00:28:15,962 - INFO - Generated 1000 records from sample
2026-07-15 00:28:15,962 - INFO - Generated 1000 records from sample
2026-07-15 00:29:13,060 - INFO - Generating 1000 records from sample (7 rows)
2026-07-15 00:29:13,060 - INFO - Generating 1000 records from sample (7 rows)
2026-07-15 00:29:13,060 - INFO - Generating 1000 records from sample (7 rows)
2026-07-15 00:29:13,060 - INFO - Generating 1000 records from sample (7 rows)
2026-07-15 00:29:13,060 - INFO - Generating 1000 records from sample (7 rows)
2026-07-15 00:29:13,060 - INFO - Generating 1000 records from sample (7 rows)
2026-07-15 00:29:13,060 - INFO - Generating 1000 records from sample (7 rows)
2026-07-15 00:29:13,060 - INFO - Generating 1000 records from sample (7 rows)
2026-07-15 00:29:13,060 - INFO - Generating 1000 records from sample (7 rows)
2026-07-15 00:29:13,060 - INFO - Generating 1000 records from sample (7 rows)
2026-07-15 00:29:13,060 - INFO - Generating 1000 records from sample (7 rows)
2026-07-15 00:29:13,060 - INFO - Generating 1000 records from sample (7 rows)
2026-07-15 00:29:13,060 - INFO - Generating 1000 records from sample (7 rows)
2026-07-15 00:29:13,060 - INFO - Generating 1000 records from sample (7 rows)
2026-07-15 00:29:13,060 - INFO - Generating 1000 records from sample (7 rows)
2026-07-15 00:29:13,060 - INFO - Generating 1000 records from sample (7 rows)
2026-07-15 00:29:13,060 - INFO - Generating 1000 records from sample (7 rows)
2026-07-15 00:29:13,060 - INFO - Generating 1000 records from sample (7 rows)
2026-07-15 00:29:13,060 - INFO - Generating 1000 records from sample (7 rows)
2026-07-15 00:29:13,060 - INFO - Generating 1000 records from sample (7 rows)
2026-07-15 00:29:13,060 - INFO - Generating 1000 records from sample (7 rows)
2026-07-15 00:29:13,060 - INFO - Generating 1000 records from sample (7 rows)
2026-07-15 00:29:13,060 - INFO - Generating 1000 records from sample (7 rows)
2026-07-15 00:29:13,060 - INFO - Generating 1000 records from sample (7 rows)
2026-07-15 00:29:13,060 - INFO - Generating 1000 records from sample (7 rows)
2026-07-15 00:29:13,060 - INFO - Generating 1000 records from sample (7 rows)
2026-07-15 00:29:13,243 - INFO - Column roles: {'order_id': 'id', 'customer_name': 'person_name', 'email': 'email', 'product_name': 'product', 'category': 'closed_categorical', 'quantity': 'numeric', 'unit_price': 'numeric', 'order_date': 'datetime', 'payment_method': 'closed_categorical', 'shipping_city': 'city', 'order_status': 'closed_categorical'}
2026-07-15 00:29:13,243 - INFO - Column roles: {'order_id': 'id', 'customer_name': 'person_name', 'email': 'email', 'product_name': 'product', 'category': 'closed_categorical', 'quantity': 'numeric', 'unit_price': 'numeric', 'order_date': 'datetime', 'payment_method': 'closed_categorical', 'shipping_city': 'city', 'order_status': 'closed_categorical'}
2026-07-15 00:29:13,243 - INFO - Column roles: {'order_id': 'id', 'customer_name': 'person_name', 'email': 'email', 'product_name': 'product', 'category': 'closed_categorical', 'quantity': 'numeric', 'unit_price': 'numeric', 'order_date': 'datetime', 'payment_method': 'closed_categorical', 'shipping_city': 'city', 'order_status': 'closed_categorical'}
2026-07-15 00:29:13,243 - INFO - Column roles: {'order_id': 'id', 'customer_name': 'person_name', 'email': 'email', 'product_name': 'product', 'category': 'closed_categorical', 'quantity': 'numeric', 'unit_price': 'numeric', 'order_date': 'datetime', 'payment_method': 'closed_categorical', 'shipping_city': 'city', 'order_status': 'closed_categorical'}
2026-07-15 00:29:13,243 - INFO - Column roles: {'order_id': 'id', 'customer_name': 'person_name', 'email': 'email', 'product_name': 'product', 'category': 'closed_categorical', 'quantity': 'numeric', 'unit_price': 'numeric', 'order_date': 'datetime', 'payment_method': 'closed_categorical', 'shipping_city': 'city', 'order_status': 'closed_categorical'}
2026-07-15 00:29:13,243 - INFO - Column roles: {'order_id': 'id', 'customer_name': 'person_name', 'email': 'email', 'product_name': 'product', 'category': 'closed_categorical', 'quantity': 'numeric', 'unit_price': 'numeric', 'order_date': 'datetime', 'payment_method': 'closed_categorical', 'shipping_city': 'city', 'order_status': 'closed_categorical'}
2026-07-15 00:29:13,243 - INFO - Column roles: {'order_id': 'id', 'customer_name': 'person_name', 'email': 'email', 'product_name': 'product', 'category': 'closed_categorical', 'quantity': 'numeric', 'unit_price': 'numeric', 'order_date': 'datetime', 'payment_method': 'closed_categorical', 'shipping_city': 'city', 'order_status': 'closed_categorical'}
2026-07-15 00:29:13,243 - INFO - Column roles: {'order_id': 'id', 'customer_name': 'person_name', 'email': 'email', 'product_name': 'product', 'category': 'closed_categorical', 'quantity': 'numeric', 'unit_price': 'numeric', 'order_date': 'datetime', 'payment_method': 'closed_categorical', 'shipping_city': 'city', 'order_status': 'closed_categorical'}
2026-07-15 00:29:13,243 - INFO - Column roles: {'order_id': 'id', 'customer_name': 'person_name', 'email': 'email', 'product_name': 'product', 'category': 'closed_categorical', 'quantity': 'numeric', 'unit_price': 'numeric', 'order_date': 'datetime', 'payment_method': 'closed_categorical', 'shipping_city': 'city', 'order_status': 'closed_categorical'}
2026-07-15 00:29:13,243 - INFO - Column roles: {'order_id': 'id', 'customer_name': 'person_name', 'email': 'email', 'product_name': 'product', 'category': 'closed_categorical', 'quantity': 'numeric', 'unit_price': 'numeric', 'order_date': 'datetime', 'payment_method': 'closed_categorical', 'shipping_city': 'city', 'order_status': 'closed_categorical'}
2026-07-15 00:29:13,243 - INFO - Column roles: {'order_id': 'id', 'customer_name': 'person_name', 'email': 'email', 'product_name': 'product', 'category': 'closed_categorical', 'quantity': 'numeric', 'unit_price': 'numeric', 'order_date': 'datetime', 'payment_method': 'closed_categorical', 'shipping_city': 'city', 'order_status': 'closed_categorical'}
2026-07-15 00:29:13,243 - INFO - Column roles: {'order_id': 'id', 'customer_name': 'person_name', 'email': 'email', 'product_name': 'product', 'category': 'closed_categorical', 'quantity': 'numeric', 'unit_price': 'numeric', 'order_date': 'datetime', 'payment_method': 'closed_categorical', 'shipping_city': 'city', 'order_status': 'closed_categorical'}
2026-07-15 00:29:13,243 - INFO - Column roles: {'order_id': 'id', 'customer_name': 'person_name', 'email': 'email', 'product_name': 'product', 'category': 'closed_categorical', 'quantity': 'numeric', 'unit_price': 'numeric', 'order_date': 'datetime', 'payment_method': 'closed_categorical', 'shipping_city': 'city', 'order_status': 'closed_categorical'}
2026-07-15 00:29:13,243 - INFO - Column roles: {'order_id': 'id', 'customer_name': 'person_name', 'email': 'email', 'product_name': 'product', 'category': 'closed_categorical', 'quantity': 'numeric', 'unit_price': 'numeric', 'order_date': 'datetime', 'payment_method': 'closed_categorical', 'shipping_city': 'city', 'order_status': 'closed_categorical'}
2026-07-15 00:29:13,243 - INFO - Column roles: {'order_id': 'id', 'customer_name': 'person_name', 'email': 'email', 'product_name': 'product', 'category': 'closed_categorical', 'quantity': 'numeric', 'unit_price': 'numeric', 'order_date': 'datetime', 'payment_method': 'closed_categorical', 'shipping_city': 'city', 'order_status': 'closed_categorical'}
2026-07-15 00:29:13,243 - INFO - Column roles: {'order_id': 'id', 'customer_name': 'person_name', 'email': 'email', 'product_name': 'product', 'category': 'closed_categorical', 'quantity': 'numeric', 'unit_price': 'numeric', 'order_date': 'datetime', 'payment_method': 'closed_categorical', 'shipping_city': 'city', 'order_status': 'closed_categorical'}
2026-07-15 00:29:13,243 - INFO - Column roles: {'order_id': 'id', 'customer_name': 'person_name', 'email': 'email', 'product_name': 'product', 'category': 'closed_categorical', 'quantity': 'numeric', 'unit_price': 'numeric', 'order_date': 'datetime', 'payment_method': 'closed_categorical', 'shipping_city': 'city', 'order_status': 'closed_categorical'}
2026-07-15 00:29:13,243 - INFO - Column roles: {'order_id': 'id', 'customer_name': 'person_name', 'email': 'email', 'product_name': 'product', 'category': 'closed_categorical', 'quantity': 'numeric', 'unit_price': 'numeric', 'order_date': 'datetime', 'payment_method': 'closed_categorical', 'shipping_city': 'city', 'order_status': 'closed_categorical'}
2026-07-15 00:29:13,243 - INFO - Column roles: {'order_id': 'id', 'customer_name': 'person_name', 'email': 'email', 'product_name': 'product', 'category': 'closed_categorical', 'quantity': 'numeric', 'unit_price': 'numeric', 'order_date': 'datetime', 'payment_method': 'closed_categorical', 'shipping_city': 'city', 'order_status': 'closed_categorical'}
2026-07-15 00:29:13,243 - INFO - Column roles: {'order_id': 'id', 'customer_name': 'person_name', 'email': 'email', 'product_name': 'product', 'category': 'closed_categorical', 'quantity': 'numeric', 'unit_price': 'numeric', 'order_date': 'datetime', 'payment_method': 'closed_categorical', 'shipping_city': 'city', 'order_status': 'closed_categorical'}
2026-07-15 00:29:13,243 - INFO - Column roles: {'order_id': 'id', 'customer_name': 'person_name', 'email': 'email', 'product_name': 'product', 'category': 'closed_categorical', 'quantity': 'numeric', 'unit_price': 'numeric', 'order_date': 'datetime', 'payment_method': 'closed_categorical', 'shipping_city': 'city', 'order_status': 'closed_categorical'}
2026-07-15 00:29:13,243 - INFO - Column roles: {'order_id': 'id', 'customer_name': 'person_name', 'email': 'email', 'product_name': 'product', 'category': 'closed_categorical', 'quantity': 'numeric', 'unit_price': 'numeric', 'order_date': 'datetime', 'payment_method': 'closed_categorical', 'shipping_city': 'city', 'order_status': 'closed_categorical'}
2026-07-15 00:29:13,243 - INFO - Column roles: {'order_id': 'id', 'customer_name': 'person_name', 'email': 'email', 'product_name': 'product', 'category': 'closed_categorical', 'quantity': 'numeric', 'unit_price': 'numeric', 'order_date': 'datetime', 'payment_method': 'closed_categorical', 'shipping_city': 'city', 'order_status': 'closed_categorical'}
2026-07-15 00:29:13,243 - INFO - Column roles: {'order_id': 'id', 'customer_name': 'person_name', 'email': 'email', 'product_name': 'product', 'category': 'closed_categorical', 'quantity': 'numeric', 'unit_price': 'numeric', 'order_date': 'datetime', 'payment_method': 'closed_categorical', 'shipping_city': 'city', 'order_status': 'closed_categorical'}
2026-07-15 00:29:13,243 - INFO - Column roles: {'order_id': 'id', 'customer_name': 'person_name', 'email': 'email', 'product_name': 'product', 'category': 'closed_categorical', 'quantity': 'numeric', 'unit_price': 'numeric', 'order_date': 'datetime', 'payment_method': 'closed_categorical', 'shipping_city': 'city', 'order_status': 'closed_categorical'}
2026-07-15 00:29:13,243 - INFO - Column roles: {'order_id': 'id', 'customer_name': 'person_name', 'email': 'email', 'product_name': 'product', 'category': 'closed_categorical', 'quantity': 'numeric', 'unit_price': 'numeric', 'order_date': 'datetime', 'payment_method': 'closed_categorical', 'shipping_city': 'city', 'order_status': 'closed_categorical'}
2026-07-15 00:29:13,245 - INFO - Product linked groups: [['product_name', 'category', 'unit_price']]
2026-07-15 00:29:13,245 - INFO - Product linked groups: [['product_name', 'category', 'unit_price']]
2026-07-15 00:29:13,245 - INFO - Product linked groups: [['product_name', 'category', 'unit_price']]
2026-07-15 00:29:13,245 - INFO - Product linked groups: [['product_name', 'category', 'unit_price']]
2026-07-15 00:29:13,245 - INFO - Product linked groups: [['product_name', 'category', 'unit_price']]
2026-07-15 00:29:13,245 - INFO - Product linked groups: [['product_name', 'category', 'unit_price']]
2026-07-15 00:29:13,245 - INFO - Product linked groups: [['product_name', 'category', 'unit_price']]
2026-07-15 00:29:13,245 - INFO - Product linked groups: [['product_name', 'category', 'unit_price']]
2026-07-15 00:29:13,245 - INFO - Product linked groups: [['product_name', 'category', 'unit_price']]
2026-07-15 00:29:13,245 - INFO - Product linked groups: [['product_name', 'category', 'unit_price']]
2026-07-15 00:29:13,245 - INFO - Product linked groups: [['product_name', 'category', 'unit_price']]
2026-07-15 00:29:13,245 - INFO - Product linked groups: [['product_name', 'category', 'unit_price']]
2026-07-15 00:29:13,245 - INFO - Product linked groups: [['product_name', 'category', 'unit_price']]
2026-07-15 00:29:13,245 - INFO - Product linked groups: [['product_name', 'category', 'unit_price']]
2026-07-15 00:29:13,245 - INFO - Product linked groups: [['product_name', 'category', 'unit_price']]
2026-07-15 00:29:13,245 - INFO - Product linked groups: [['product_name', 'category', 'unit_price']]
2026-07-15 00:29:13,245 - INFO - Product linked groups: [['product_name', 'category', 'unit_price']]
2026-07-15 00:29:13,245 - INFO - Product linked groups: [['product_name', 'category', 'unit_price']]
2026-07-15 00:29:13,245 - INFO - Product linked groups: [['product_name', 'category', 'unit_price']]
2026-07-15 00:29:13,245 - INFO - Product linked groups: [['product_name', 'category', 'unit_price']]
2026-07-15 00:29:13,245 - INFO - Product linked groups: [['product_name', 'category', 'unit_price']]
2026-07-15 00:29:13,245 - INFO - Product linked groups: [['product_name', 'category', 'unit_price']]
2026-07-15 00:29:13,245 - INFO - Product linked groups: [['product_name', 'category', 'unit_price']]
2026-07-15 00:29:13,245 - INFO - Product linked groups: [['product_name', 'category', 'unit_price']]
2026-07-15 00:29:13,245 - INFO - Product linked groups: [['product_name', 'category', 'unit_price']]
2026-07-15 00:29:13,245 - INFO - Product linked groups: [['product_name', 'category', 'unit_price']]
2026-07-15 00:29:13,248 - INFO - CustomGenerator locale=en_IN india_mode=True india_phone=True
2026-07-15 00:29:13,248 - INFO - CustomGenerator locale=en_IN india_mode=True india_phone=True
2026-07-15 00:29:13,248 - INFO - CustomGenerator locale=en_IN india_mode=True india_phone=True
2026-07-15 00:29:13,248 - INFO - CustomGenerator locale=en_IN india_mode=True india_phone=True
2026-07-15 00:29:13,248 - INFO - CustomGenerator locale=en_IN india_mode=True india_phone=True
2026-07-15 00:29:13,248 - INFO - CustomGenerator locale=en_IN india_mode=True india_phone=True
2026-07-15 00:29:13,248 - INFO - CustomGenerator locale=en_IN india_mode=True india_phone=True
2026-07-15 00:29:13,248 - INFO - CustomGenerator locale=en_IN india_mode=True india_phone=True
2026-07-15 00:29:13,248 - INFO - CustomGenerator locale=en_IN india_mode=True india_phone=True
2026-07-15 00:29:13,248 - INFO - CustomGenerator locale=en_IN india_mode=True india_phone=True
2026-07-15 00:29:13,248 - INFO - CustomGenerator locale=en_IN india_mode=True india_phone=True
2026-07-15 00:29:13,248 - INFO - CustomGenerator locale=en_IN india_mode=True india_phone=True
2026-07-15 00:29:13,248 - INFO - CustomGenerator locale=en_IN india_mode=True india_phone=True
2026-07-15 00:29:13,248 - INFO - CustomGenerator locale=en_IN india_mode=True india_phone=True
2026-07-15 00:29:13,248 - INFO - CustomGenerator locale=en_IN india_mode=True india_phone=True
2026-07-15 00:29:13,248 - INFO - CustomGenerator locale=en_IN india_mode=True india_phone=True
2026-07-15 00:29:13,248 - INFO - CustomGenerator locale=en_IN india_mode=True india_phone=True
2026-07-15 00:29:13,248 - INFO - CustomGenerator locale=en_IN india_mode=True india_phone=True
2026-07-15 00:29:13,248 - INFO - CustomGenerator locale=en_IN india_mode=True india_phone=True
2026-07-15 00:29:13,248 - INFO - CustomGenerator locale=en_IN india_mode=True india_phone=True
2026-07-15 00:29:13,248 - INFO - CustomGenerator locale=en_IN india_mode=True india_phone=True
2026-07-15 00:29:13,248 - INFO - CustomGenerator locale=en_IN india_mode=True india_phone=True
2026-07-15 00:29:13,248 - INFO - CustomGenerator locale=en_IN india_mode=True india_phone=True
2026-07-15 00:29:13,248 - INFO - CustomGenerator locale=en_IN india_mode=True india_phone=True
2026-07-15 00:29:13,248 - INFO - CustomGenerator locale=en_IN india_mode=True india_phone=True
2026-07-15 00:29:13,248 - INFO - CustomGenerator locale=en_IN india_mode=True india_phone=True
2026-07-15 00:29:14,780 - INFO - Generation nunique by field: order_id=1000, customer_name=997, email=997, product_name=7, category=5, quantity=3, unit_price=7, order_date=62, payment_method=4, shipping_city=168, order_status=3
2026-07-15 00:29:14,780 - INFO - Generation nunique by field: order_id=1000, customer_name=997, email=997, product_name=7, category=5, quantity=3, unit_price=7, order_date=62, payment_method=4, shipping_city=168, order_status=3
2026-07-15 00:29:14,780 - INFO - Generation nunique by field: order_id=1000, customer_name=997, email=997, product_name=7, category=5, quantity=3, unit_price=7, order_date=62, payment_method=4, shipping_city=168, order_status=3
2026-07-15 00:29:14,780 - INFO - Generation nunique by field: order_id=1000, customer_name=997, email=997, product_name=7, category=5, quantity=3, unit_price=7, order_date=62, payment_method=4, shipping_city=168, order_status=3
2026-07-15 00:29:14,780 - INFO - Generation nunique by field: order_id=1000, customer_name=997, email=997, product_name=7, category=5, quantity=3, unit_price=7, order_date=62, payment_method=4, shipping_city=168, order_status=3
2026-07-15 00:29:14,780 - INFO - Generation nunique by field: order_id=1000, customer_name=997, email=997, product_name=7, category=5, quantity=3, unit_price=7, order_date=62, payment_method=4, shipping_city=168, order_status=3
2026-07-15 00:29:14,780 - INFO - Generation nunique by field: order_id=1000, customer_name=997, email=997, product_name=7, category=5, quantity=3, unit_price=7, order_date=62, payment_method=4, shipping_city=168, order_status=3
2026-07-15 00:29:14,780 - INFO - Generation nunique by field: order_id=1000, customer_name=997, email=997, product_name=7, category=5, quantity=3, unit_price=7, order_date=62, payment_method=4, shipping_city=168, order_status=3
2026-07-15 00:29:14,780 - INFO - Generation nunique by field: order_id=1000, customer_name=997, email=997, product_name=7, category=5, quantity=3, unit_price=7, order_date=62, payment_method=4, shipping_city=168, order_status=3
2026-07-15 00:29:14,780 - INFO - Generation nunique by field: order_id=1000, customer_name=997, email=997, product_name=7, category=5, quantity=3, unit_price=7, order_date=62, payment_method=4, shipping_city=168, order_status=3
2026-07-15 00:29:14,780 - INFO - Generation nunique by field: order_id=1000, customer_name=997, email=997, product_name=7, category=5, quantity=3, unit_price=7, order_date=62, payment_method=4, shipping_city=168, order_status=3
2026-07-15 00:29:14,780 - INFO - Generation nunique by field: order_id=1000, customer_name=997, email=997, product_name=7, category=5, quantity=3, unit_price=7, order_date=62, payment_method=4, shipping_city=168, order_status=3
2026-07-15 00:29:14,780 - INFO - Generation nunique by field: order_id=1000, customer_name=997, email=997, product_name=7, category=5, quantity=3, unit_price=7, order_date=62, payment_method=4, shipping_city=168, order_status=3
2026-07-15 00:29:14,780 - INFO - Generation nunique by field: order_id=1000, customer_name=997, email=997, product_name=7, category=5, quantity=3, unit_price=7, order_date=62, payment_method=4, shipping_city=168, order_status=3
2026-07-15 00:29:14,780 - INFO - Generation nunique by field: order_id=1000, customer_name=997, email=997, product_name=7, category=5, quantity=3, unit_price=7, order_date=62, payment_method=4, shipping_city=168, order_status=3
2026-07-15 00:29:14,780 - INFO - Generation nunique by field: order_id=1000, customer_name=997, email=997, product_name=7, category=5, quantity=3, unit_price=7, order_date=62, payment_method=4, shipping_city=168, order_status=3
2026-07-15 00:29:14,780 - INFO - Generation nunique by field: order_id=1000, customer_name=997, email=997, product_name=7, category=5, quantity=3, unit_price=7, order_date=62, payment_method=4, shipping_city=168, order_status=3
2026-07-15 00:29:14,780 - INFO - Generation nunique by field: order_id=1000, customer_name=997, email=997, product_name=7, category=5, quantity=3, unit_price=7, order_date=62, payment_method=4, shipping_city=168, order_status=3
2026-07-15 00:29:14,780 - INFO - Generation nunique by field: order_id=1000, customer_name=997, email=997, product_name=7, category=5, quantity=3, unit_price=7, order_date=62, payment_method=4, shipping_city=168, order_status=3
2026-07-15 00:29:14,780 - INFO - Generation nunique by field: order_id=1000, customer_name=997, email=997, product_name=7, category=5, quantity=3, unit_price=7, order_date=62, payment_method=4, shipping_city=168, order_status=3
2026-07-15 00:29:14,780 - INFO - Generation nunique by field: order_id=1000, customer_name=997, email=997, product_name=7, category=5, quantity=3, unit_price=7, order_date=62, payment_method=4, shipping_city=168, order_status=3
2026-07-15 00:29:14,780 - INFO - Generation nunique by field: order_id=1000, customer_name=997, email=997, product_name=7, category=5, quantity=3, unit_price=7, order_date=62, payment_method=4, shipping_city=168, order_status=3
2026-07-15 00:29:14,780 - INFO - Generation nunique by field: order_id=1000, customer_name=997, email=997, product_name=7, category=5, quantity=3, unit_price=7, order_date=62, payment_method=4, shipping_city=168, order_status=3
2026-07-15 00:29:14,780 - INFO - Generation nunique by field: order_id=1000, customer_name=997, email=997, product_name=7, category=5, quantity=3, unit_price=7, order_date=62, payment_method=4, shipping_city=168, order_status=3
2026-07-15 00:29:14,780 - INFO - Generation nunique by field: order_id=1000, customer_name=997, email=997, product_name=7, category=5, quantity=3, unit_price=7, order_date=62, payment_method=4, shipping_city=168, order_status=3
2026-07-15 00:29:14,780 - INFO - Generation nunique by field: order_id=1000, customer_name=997, email=997, product_name=7, category=5, quantity=3, unit_price=7, order_date=62, payment_method=4, shipping_city=168, order_status=3
2026-07-15 00:29:14,784 - INFO - Generation validation passed
2026-07-15 00:29:14,784 - INFO - Generation validation passed
2026-07-15 00:29:14,784 - INFO - Generation validation passed
2026-07-15 00:29:14,784 - INFO - Generation validation passed
2026-07-15 00:29:14,784 - INFO - Generation validation passed
2026-07-15 00:29:14,784 - INFO - Generation validation passed
2026-07-15 00:29:14,784 - INFO - Generation validation passed
2026-07-15 00:29:14,784 - INFO - Generation validation passed
2026-07-15 00:29:14,784 - INFO - Generation validation passed
2026-07-15 00:29:14,784 - INFO - Generation validation passed
2026-07-15 00:29:14,784 - INFO - Generation validation passed
2026-07-15 00:29:14,784 - INFO - Generation validation passed
2026-07-15 00:29:14,784 - INFO - Generation validation passed
2026-07-15 00:29:14,784 - INFO - Generation validation passed
2026-07-15 00:29:14,784 - INFO - Generation validation passed
2026-07-15 00:29:14,784 - INFO - Generation validation passed
2026-07-15 00:29:14,784 - INFO - Generation validation passed
2026-07-15 00:29:14,784 - INFO - Generation validation passed
2026-07-15 00:29:14,784 - INFO - Generation validation passed
2026-07-15 00:29:14,784 - INFO - Generation validation passed
2026-07-15 00:29:14,784 - INFO - Generation validation passed
2026-07-15 00:29:14,784 - INFO - Generation validation passed
2026-07-15 00:29:14,784 - INFO - Generation validation passed
2026-07-15 00:29:14,784 - INFO - Generation validation passed
2026-07-15 00:29:14,784 - INFO - Generation validation passed
2026-07-15 00:29:14,784 - INFO - Generation validation passed
2026-07-15 00:29:14,788 - INFO - Privacy anonymization skipped for custom synthetic data (generated values are synthetic, not uploaded PII)
2026-07-15 00:29:14,788 - INFO - Privacy anonymization skipped for custom synthetic data (generated values are synthetic, not uploaded PII)
2026-07-15 00:29:14,788 - INFO - Privacy anonymization skipped for custom synthetic data (generated values are synthetic, not uploaded PII)
2026-07-15 00:29:14,788 - INFO - Privacy anonymization skipped for custom synthetic data (generated values are synthetic, not uploaded PII)
2026-07-15 00:29:14,788 - INFO - Privacy anonymization skipped for custom synthetic data (generated values are synthetic, not uploaded PII)
2026-07-15 00:29:14,788 - INFO - Privacy anonymization skipped for custom synthetic data (generated values are synthetic, not uploaded PII)
2026-07-15 00:29:14,788 - INFO - Privacy anonymization skipped for custom synthetic data (generated values are synthetic, not uploaded PII)
2026-07-15 00:29:14,788 - INFO - Privacy anonymization skipped for custom synthetic data (generated values are synthetic, not uploaded PII)
2026-07-15 00:29:14,788 - INFO - Privacy anonymization skipped for custom synthetic data (generated values are synthetic, not uploaded PII)
2026-07-15 00:29:14,788 - INFO - Privacy anonymization skipped for custom synthetic data (generated values are synthetic, not uploaded PII)
2026-07-15 00:29:14,788 - INFO - Privacy anonymization skipped for custom synthetic data (generated values are synthetic, not uploaded PII)
2026-07-15 00:29:14,788 - INFO - Privacy anonymization skipped for custom synthetic data (generated values are synthetic, not uploaded PII)
2026-07-15 00:29:14,788 - INFO - Privacy anonymization skipped for custom synthetic data (generated values are synthetic, not uploaded PII)
2026-07-15 00:29:14,788 - INFO - Privacy anonymization skipped for custom synthetic data (generated values are synthetic, not uploaded PII)
2026-07-15 00:29:14,788 - INFO - Privacy anonymization skipped for custom synthetic data (generated values are synthetic, not uploaded PII)
2026-07-15 00:29:14,788 - INFO - Privacy anonymization skipped for custom synthetic data (generated values are synthetic, not uploaded PII)
2026-07-15 00:29:14,788 - INFO - Privacy anonymization skipped for custom synthetic data (generated values are synthetic, not uploaded PII)
2026-07-15 00:29:14,788 - INFO - Privacy anonymization skipped for custom synthetic data (generated values are synthetic, not uploaded PII)
2026-07-15 00:29:14,788 - INFO - Privacy anonymization skipped for custom synthetic data (generated values are synthetic, not uploaded PII)
2026-07-15 00:29:14,788 - INFO - Privacy anonymization skipped for custom synthetic data (generated values are synthetic, not uploaded PII)
2026-07-15 00:29:14,788 - INFO - Privacy anonymization skipped for custom synthetic data (generated values are synthetic, not uploaded PII)
2026-07-15 00:29:14,788 - INFO - Privacy anonymization skipped for custom synthetic data (generated values are synthetic, not uploaded PII)
2026-07-15 00:29:14,788 - INFO - Privacy anonymization skipped for custom synthetic data (generated values are synthetic, not uploaded PII)
2026-07-15 00:29:14,788 - INFO - Privacy anonymization skipped for custom synthetic data (generated values are synthetic, not uploaded PII)
2026-07-15 00:29:14,788 - INFO - Privacy anonymization skipped for custom synthetic data (generated values are synthetic, not uploaded PII)
2026-07-15 00:29:14,788 - INFO - Privacy anonymization skipped for custom synthetic data (generated values are synthetic, not uploaded PII)
2026-07-15 00:29:14,831 - INFO - Final nunique by field: order_id=1000, customer_name=997, email=997, product_name=7, category=5, quantity=3, unit_price=7, order_date=62, payment_method=4, shipping_city=168, order_status=3
2026-07-15 00:29:14,831 - INFO - Final nunique by field: order_id=1000, customer_name=997, email=997, product_name=7, category=5, quantity=3, unit_price=7, order_date=62, payment_method=4, shipping_city=168, order_status=3
2026-07-15 00:29:14,831 - INFO - Final nunique by field: order_id=1000, customer_name=997, email=997, product_name=7, category=5, quantity=3, unit_price=7, order_date=62, payment_method=4, shipping_city=168, order_status=3
2026-07-15 00:29:14,831 - INFO - Final nunique by field: order_id=1000, customer_name=997, email=997, product_name=7, category=5, quantity=3, unit_price=7, order_date=62, payment_method=4, shipping_city=168, order_status=3
2026-07-15 00:29:14,831 - INFO - Final nunique by field: order_id=1000, customer_name=997, email=997, product_name=7, category=5, quantity=3, unit_price=7, order_date=62, payment_method=4, shipping_city=168, order_status=3
2026-07-15 00:29:14,831 - INFO - Final nunique by field: order_id=1000, customer_name=997, email=997, product_name=7, category=5, quantity=3, unit_price=7, order_date=62, payment_method=4, shipping_city=168, order_status=3
2026-07-15 00:29:14,831 - INFO - Final nunique by field: order_id=1000, customer_name=997, email=997, product_name=7, category=5, quantity=3, unit_price=7, order_date=62, payment_method=4, shipping_city=168, order_status=3
2026-07-15 00:29:14,831 - INFO - Final nunique by field: order_id=1000, customer_name=997, email=997, product_name=7, category=5, quantity=3, unit_price=7, order_date=62, payment_method=4, shipping_city=168, order_status=3
2026-07-15 00:29:14,831 - INFO - Final nunique by field: order_id=1000, customer_name=997, email=997, product_name=7, category=5, quantity=3, unit_price=7, order_date=62, payment_method=4, shipping_city=168, order_status=3
2026-07-15 00:29:14,831 - INFO - Final nunique by field: order_id=1000, customer_name=997, email=997, product_name=7, category=5, quantity=3, unit_price=7, order_date=62, payment_method=4, shipping_city=168, order_status=3
2026-07-15 00:29:14,831 - INFO - Final nunique by field: order_id=1000, customer_name=997, email=997, product_name=7, category=5, quantity=3, unit_price=7, order_date=62, payment_method=4, shipping_city=168, order_status=3
2026-07-15 00:29:14,831 - INFO - Final nunique by field: order_id=1000, customer_name=997, email=997, product_name=7, category=5, quantity=3, unit_price=7, order_date=62, payment_method=4, shipping_city=168, order_status=3
2026-07-15 00:29:14,831 - INFO - Final nunique by field: order_id=1000, customer_name=997, email=997, product_name=7, category=5, quantity=3, unit_price=7, order_date=62, payment_method=4, shipping_city=168, order_status=3
2026-07-15 00:29:14,831 - INFO - Final nunique by field: order_id=1000, customer_name=997, email=997, product_name=7, category=5, quantity=3, unit_price=7, order_date=62, payment_method=4, shipping_city=168, order_status=3
2026-07-15 00:29:14,831 - INFO - Final nunique by field: order_id=1000, customer_name=997, email=997, product_name=7, category=5, quantity=3, unit_price=7, order_date=62, payment_method=4, shipping_city=168, order_status=3
2026-07-15 00:29:14,831 - INFO - Final nunique by field: order_id=1000, customer_name=997, email=997, product_name=7, category=5, quantity=3, unit_price=7, order_date=62, payment_method=4, shipping_city=168, order_status=3
2026-07-15 00:29:14,831 - INFO - Final nunique by field: order_id=1000, customer_name=997, email=997, product_name=7, category=5, quantity=3, unit_price=7, order_date=62, payment_method=4, shipping_city=168, order_status=3
2026-07-15 00:29:14,831 - INFO - Final nunique by field: order_id=1000, customer_name=997, email=997, product_name=7, category=5, quantity=3, unit_price=7, order_date=62, payment_method=4, shipping_city=168, order_status=3
2026-07-15 00:29:14,831 - INFO - Final nunique by field: order_id=1000, customer_name=997, email=997, product_name=7, category=5, quantity=3, unit_price=7, order_date=62, payment_method=4, shipping_city=168, order_status=3
2026-07-15 00:29:14,831 - INFO - Final nunique by field: order_id=1000, customer_name=997, email=997, product_name=7, category=5, quantity=3, unit_price=7, order_date=62, payment_method=4, shipping_city=168, order_status=3
2026-07-15 00:29:14,831 - INFO - Final nunique by field: order_id=1000, customer_name=997, email=997, product_name=7, category=5, quantity=3, unit_price=7, order_date=62, payment_method=4, shipping_city=168, order_status=3
2026-07-15 00:29:14,831 - INFO - Final nunique by field: order_id=1000, customer_name=997, email=997, product_name=7, category=5, quantity=3, unit_price=7, order_date=62, payment_method=4, shipping_city=168, order_status=3
2026-07-15 00:29:14,831 - INFO - Final nunique by field: order_id=1000, customer_name=997, email=997, product_name=7, category=5, quantity=3, unit_price=7, order_date=62, payment_method=4, shipping_city=168, order_status=3
2026-07-15 00:29:14,831 - INFO - Final nunique by field: order_id=1000, customer_name=997, email=997, product_name=7, category=5, quantity=3, unit_price=7, order_date=62, payment_method=4, shipping_city=168, order_status=3
2026-07-15 00:29:14,831 - INFO - Final nunique by field: order_id=1000, customer_name=997, email=997, product_name=7, category=5, quantity=3, unit_price=7, order_date=62, payment_method=4, shipping_city=168, order_status=3
2026-07-15 00:29:14,831 - INFO - Final nunique by field: order_id=1000, customer_name=997, email=997, product_name=7, category=5, quantity=3, unit_price=7, order_date=62, payment_method=4, shipping_city=168, order_status=3
2026-07-15 00:29:14,837 - INFO - Datetime 'order_date': nunique=62, min=2026-01-03 00:00:00, max=2026-03-05 00:00:00
2026-07-15 00:29:14,837 - INFO - Datetime 'order_date': nunique=62, min=2026-01-03 00:00:00, max=2026-03-05 00:00:00
2026-07-15 00:29:14,837 - INFO - Datetime 'order_date': nunique=62, min=2026-01-03 00:00:00, max=2026-03-05 00:00:00
2026-07-15 00:29:14,837 - INFO - Datetime 'order_date': nunique=62, min=2026-01-03 00:00:00, max=2026-03-05 00:00:00
2026-07-15 00:29:14,837 - INFO - Datetime 'order_date': nunique=62, min=2026-01-03 00:00:00, max=2026-03-05 00:00:00
2026-07-15 00:29:14,837 - INFO - Datetime 'order_date': nunique=62, min=2026-01-03 00:00:00, max=2026-03-05 00:00:00
2026-07-15 00:29:14,837 - INFO - Datetime 'order_date': nunique=62, min=2026-01-03 00:00:00, max=2026-03-05 00:00:00
2026-07-15 00:29:14,837 - INFO - Datetime 'order_date': nunique=62, min=2026-01-03 00:00:00, max=2026-03-05 00:00:00
2026-07-15 00:29:14,837 - INFO - Datetime 'order_date': nunique=62, min=2026-01-03 00:00:00, max=2026-03-05 00:00:00
2026-07-15 00:29:14,837 - INFO - Datetime 'order_date': nunique=62, min=2026-01-03 00:00:00, max=2026-03-05 00:00:00
2026-07-15 00:29:14,837 - INFO - Datetime 'order_date': nunique=62, min=2026-01-03 00:00:00, max=2026-03-05 00:00:00
2026-07-15 00:29:14,837 - INFO - Datetime 'order_date': nunique=62, min=2026-01-03 00:00:00, max=2026-03-05 00:00:00
2026-07-15 00:29:14,837 - INFO - Datetime 'order_date': nunique=62, min=2026-01-03 00:00:00, max=2026-03-05 00:00:00
2026-07-15 00:29:14,837 - INFO - Datetime 'order_date': nunique=62, min=2026-01-03 00:00:00, max=2026-03-05 00:00:00
2026-07-15 00:29:14,837 - INFO - Datetime 'order_date': nunique=62, min=2026-01-03 00:00:00, max=2026-03-05 00:00:00
2026-07-15 00:29:14,837 - INFO - Datetime 'order_date': nunique=62, min=2026-01-03 00:00:00, max=2026-03-05 00:00:00
2026-07-15 00:29:14,837 - INFO - Datetime 'order_date': nunique=62, min=2026-01-03 00:00:00, max=2026-03-05 00:00:00
2026-07-15 00:29:14,837 - INFO - Datetime 'order_date': nunique=62, min=2026-01-03 00:00:00, max=2026-03-05 00:00:00
2026-07-15 00:29:14,837 - INFO - Datetime 'order_date': nunique=62, min=2026-01-03 00:00:00, max=2026-03-05 00:00:00
2026-07-15 00:29:14,837 - INFO - Datetime 'order_date': nunique=62, min=2026-01-03 00:00:00, max=2026-03-05 00:00:00
2026-07-15 00:29:14,837 - INFO - Datetime 'order_date': nunique=62, min=2026-01-03 00:00:00, max=2026-03-05 00:00:00
2026-07-15 00:29:14,837 - INFO - Datetime 'order_date': nunique=62, min=2026-01-03 00:00:00, max=2026-03-05 00:00:00
2026-07-15 00:29:14,837 - INFO - Datetime 'order_date': nunique=62, min=2026-01-03 00:00:00, max=2026-03-05 00:00:00
2026-07-15 00:29:14,837 - INFO - Datetime 'order_date': nunique=62, min=2026-01-03 00:00:00, max=2026-03-05 00:00:00
2026-07-15 00:29:14,837 - INFO - Datetime 'order_date': nunique=62, min=2026-01-03 00:00:00, max=2026-03-05 00:00:00
2026-07-15 00:29:14,837 - INFO - Datetime 'order_date': nunique=62, min=2026-01-03 00:00:00, max=2026-03-05 00:00:00
2026-07-15 00:29:14,841 - INFO - Generated 1000 records from sample
2026-07-15 00:29:14,841 - INFO - Generated 1000 records from sample
2026-07-15 00:29:14,841 - INFO - Generated 1000 records from sample
2026-07-15 00:29:14,841 - INFO - Generated 1000 records from sample
2026-07-15 00:29:14,841 - INFO - Generated 1000 records from sample
2026-07-15 00:29:14,841 - INFO - Generated 1000 records from sample
2026-07-15 00:29:14,841 - INFO - Generated 1000 records from sample
2026-07-15 00:29:14,841 - INFO - Generated 1000 records from sample
2026-07-15 00:29:14,841 - INFO - Generated 1000 records from sample
2026-07-15 00:29:14,841 - INFO - Generated 1000 records from sample
2026-07-15 00:29:14,841 - INFO - Generated 1000 records from sample
2026-07-15 00:29:14,841 - INFO - Generated 1000 records from sample
2026-07-15 00:29:14,841 - INFO - Generated 1000 records from sample
2026-07-15 00:29:14,841 - INFO - Generated 1000 records from sample
2026-07-15 00:29:14,841 - INFO - Generated 1000 records from sample
2026-07-15 00:29:14,841 - INFO - Generated 1000 records from sample
2026-07-15 00:29:14,841 - INFO - Generated 1000 records from sample
2026-07-15 00:29:14,841 - INFO - Generated 1000 records from sample
2026-07-15 00:29:14,841 - INFO - Generated 1000 records from sample
2026-07-15 00:29:14,841 - INFO - Generated 1000 records from sample
2026-07-15 00:29:14,841 - INFO - Generated 1000 records from sample
2026-07-15 00:29:14,841 - INFO - Generated 1000 records from sample
2026-07-15 00:29:14,841 - INFO - Generated 1000 records from sample
2026-07-15 00:29:14,841 - INFO - Generated 1000 records from sample
2026-07-15 00:29:14,841 - INFO - Generated 1000 records from sample
2026-07-15 00:29:14,841 - INFO - Generated 1000 records from sample
2026-07-15 00:48:18,457 - INFO - Generating 40 records from sample (7 rows)
2026-07-15 00:48:18,457 - INFO - Generating 40 records from sample (7 rows)
2026-07-15 00:48:18,730 - INFO - Column roles: {'patient_id': 'id', 'patient_name': 'person_name', 'doctor': 'person_name', 'department': 'closed_categorical', 'diagnosis': 'closed_categorical', 'admission_date': 'datetime', 'discharge_date': 'datetime'}
2026-07-15 00:48:18,730 - INFO - Column roles: {'patient_id': 'id', 'patient_name': 'person_name', 'doctor': 'person_name', 'department': 'closed_categorical', 'diagnosis': 'closed_categorical', 'admission_date': 'datetime', 'discharge_date': 'datetime'}
2026-07-15 00:48:18,731 - INFO - CustomGenerator locale=en_IN india_mode=False india_phone=False
2026-07-15 00:48:18,731 - INFO - CustomGenerator locale=en_IN india_mode=False india_phone=False
2026-07-15 00:48:18,761 - INFO - Generation nunique by field: patient_id=40, patient_name=40, doctor=40, department=4, diagnosis=6, admission_date=19, discharge_date=23
2026-07-15 00:48:18,761 - INFO - Generation nunique by field: patient_id=40, patient_name=40, doctor=40, department=4, diagnosis=6, admission_date=19, discharge_date=23
2026-07-15 00:48:18,762 - INFO - Generation validation passed
2026-07-15 00:48:18,762 - INFO - Generation validation passed
2026-07-15 00:48:18,796 - INFO - Final nunique by field: patient_id=40, patient_name=40, doctor=40, department=4, diagnosis=6, admission_date=19, discharge_date=23
2026-07-15 00:48:18,796 - INFO - Final nunique by field: patient_id=40, patient_name=40, doctor=40, department=4, diagnosis=6, admission_date=19, discharge_date=23
2026-07-15 00:48:18,798 - INFO - Datetime 'admission_date': nunique=19, min=2024-01-01 00:00:00, max=2024-01-31 00:00:00
2026-07-15 00:48:18,798 - INFO - Datetime 'admission_date': nunique=19, min=2024-01-01 00:00:00, max=2024-01-31 00:00:00
2026-07-15 00:48:18,800 - INFO - Datetime 'discharge_date': nunique=23, min=2024-01-04 00:00:00, max=2024-02-03 00:00:00
2026-07-15 00:48:18,800 - INFO - Datetime 'discharge_date': nunique=23, min=2024-01-04 00:00:00, max=2024-02-03 00:00:00
2026-07-15 00:48:18,800 - INFO - Generated 40 records from sample
2026-07-15 00:48:18,800 - INFO - Generated 40 records from sample
2026-07-15 00:48:18,803 - INFO - Generating 40 records from sample (6 rows)
2026-07-15 00:48:18,803 - INFO - Generating 40 records from sample (6 rows)
2026-07-15 00:48:18,855 - INFO - Column roles: {'destination_pincode': 'pincode', 'weight_grams': 'numeric', 'cod': 'closed_categorical', 'cod_amount': 'numeric', 'order_value': 'numeric', 'courier': 'closed_categorical', 'status': 'closed_categorical'}
2026-07-15 00:48:18,855 - INFO - Column roles: {'destination_pincode': 'pincode', 'weight_grams': 'numeric', 'cod': 'closed_categorical', 'cod_amount': 'numeric', 'order_value': 'numeric', 'courier': 'closed_categorical', 'status': 'closed_categorical'}
2026-07-15 00:48:18,859 - INFO - CustomGenerator locale=en_IN india_mode=True india_phone=True
2026-07-15 00:48:18,859 - INFO - CustomGenerator locale=en_IN india_mode=True india_phone=True
2026-07-15 00:48:18,892 - INFO - Generation nunique by field: destination_pincode=30, weight_grams=14, cod=2, cod_amount=19, order_value=29, courier=6, status=2
2026-07-15 00:48:18,892 - INFO - Generation nunique by field: destination_pincode=30, weight_grams=14, cod=2, cod_amount=19, order_value=29, courier=6, status=2
2026-07-15 00:48:18,893 - INFO - Generation validation passed
2026-07-15 00:48:18,893 - INFO - Generation validation passed
2026-07-15 00:48:18,940 - INFO - Final nunique by field: destination_pincode=30, weight_grams=14, cod=2, cod_amount=19, order_value=29, courier=6, status=2
2026-07-15 00:48:18,940 - INFO - Final nunique by field: destination_pincode=30, weight_grams=14, cod=2, cod_amount=19, order_value=29, courier=6, status=2
2026-07-15 00:48:18,942 - INFO - Generated 40 records from sample
2026-07-15 00:48:18,942 - INFO - Generated 40 records from sample
2026-07-15 00:50:33,682 - INFO - Generating 1000 records from sample (7 rows)
2026-07-15 00:50:33,682 - INFO - Generating 1000 records from sample (7 rows)
2026-07-15 00:50:33,682 - INFO - Generating 1000 records from sample (7 rows)
2026-07-15 00:50:33,682 - INFO - Generating 1000 records from sample (7 rows)
2026-07-15 00:50:33,682 - INFO - Generating 1000 records from sample (7 rows)
2026-07-15 00:50:33,682 - INFO - Generating 1000 records from sample (7 rows)
2026-07-15 00:50:33,682 - INFO - Generating 1000 records from sample (7 rows)
2026-07-15 00:50:33,682 - INFO - Generating 1000 records from sample (7 rows)
2026-07-15 00:50:34,077 - INFO - Column roles: {'patient_id': 'id', 'first_name': 'first_name', 'last_name': 'last_name', 'age': 'numeric', 'gender': 'closed_categorical', 'blood_type': 'closed_categorical', 'diagnosis': 'closed_categorical', 'admission_date': 'datetime', 'discharge_date': 'datetime', 'doctor': 'person_name', 'department': 'closed_categorical', 'room_number': 'numeric'}
2026-07-15 00:50:34,077 - INFO - Column roles: {'patient_id': 'id', 'first_name': 'first_name', 'last_name': 'last_name', 'age': 'numeric', 'gender': 'closed_categorical', 'blood_type': 'closed_categorical', 'diagnosis': 'closed_categorical', 'admission_date': 'datetime', 'discharge_date': 'datetime', 'doctor': 'person_name', 'department': 'closed_categorical', 'room_number': 'numeric'}
2026-07-15 00:50:34,077 - INFO - Column roles: {'patient_id': 'id', 'first_name': 'first_name', 'last_name': 'last_name', 'age': 'numeric', 'gender': 'closed_categorical', 'blood_type': 'closed_categorical', 'diagnosis': 'closed_categorical', 'admission_date': 'datetime', 'discharge_date': 'datetime', 'doctor': 'person_name', 'department': 'closed_categorical', 'room_number': 'numeric'}
2026-07-15 00:50:34,077 - INFO - Column roles: {'patient_id': 'id', 'first_name': 'first_name', 'last_name': 'last_name', 'age': 'numeric', 'gender': 'closed_categorical', 'blood_type': 'closed_categorical', 'diagnosis': 'closed_categorical', 'admission_date': 'datetime', 'discharge_date': 'datetime', 'doctor': 'person_name', 'department': 'closed_categorical', 'room_number': 'numeric'}
2026-07-15 00:50:34,077 - INFO - Column roles: {'patient_id': 'id', 'first_name': 'first_name', 'last_name': 'last_name', 'age': 'numeric', 'gender': 'closed_categorical', 'blood_type': 'closed_categorical', 'diagnosis': 'closed_categorical', 'admission_date': 'datetime', 'discharge_date': 'datetime', 'doctor': 'person_name', 'department': 'closed_categorical', 'room_number': 'numeric'}
2026-07-15 00:50:34,077 - INFO - Column roles: {'patient_id': 'id', 'first_name': 'first_name', 'last_name': 'last_name', 'age': 'numeric', 'gender': 'closed_categorical', 'blood_type': 'closed_categorical', 'diagnosis': 'closed_categorical', 'admission_date': 'datetime', 'discharge_date': 'datetime', 'doctor': 'person_name', 'department': 'closed_categorical', 'room_number': 'numeric'}
2026-07-15 00:50:34,077 - INFO - Column roles: {'patient_id': 'id', 'first_name': 'first_name', 'last_name': 'last_name', 'age': 'numeric', 'gender': 'closed_categorical', 'blood_type': 'closed_categorical', 'diagnosis': 'closed_categorical', 'admission_date': 'datetime', 'discharge_date': 'datetime', 'doctor': 'person_name', 'department': 'closed_categorical', 'room_number': 'numeric'}
2026-07-15 00:50:34,077 - INFO - Column roles: {'patient_id': 'id', 'first_name': 'first_name', 'last_name': 'last_name', 'age': 'numeric', 'gender': 'closed_categorical', 'blood_type': 'closed_categorical', 'diagnosis': 'closed_categorical', 'admission_date': 'datetime', 'discharge_date': 'datetime', 'doctor': 'person_name', 'department': 'closed_categorical', 'room_number': 'numeric'}
2026-07-15 00:50:34,080 - INFO - CustomGenerator locale=en_IN india_mode=False india_phone=False
2026-07-15 00:50:34,080 - INFO - CustomGenerator locale=en_IN india_mode=False india_phone=False
2026-07-15 00:50:34,080 - INFO - CustomGenerator locale=en_IN india_mode=False india_phone=False
2026-07-15 00:50:34,080 - INFO - CustomGenerator locale=en_IN india_mode=False india_phone=False
2026-07-15 00:50:34,080 - INFO - CustomGenerator locale=en_IN india_mode=False india_phone=False
2026-07-15 00:50:34,080 - INFO - CustomGenerator locale=en_IN india_mode=False india_phone=False
2026-07-15 00:50:34,080 - INFO - CustomGenerator locale=en_IN india_mode=False india_phone=False
2026-07-15 00:50:34,080 - INFO - CustomGenerator locale=en_IN india_mode=False india_phone=False
2026-07-15 00:50:34,255 - INFO - Generation nunique by field: patient_id=1000, first_name=433, last_name=464, age=30, gender=2, blood_type=7, diagnosis=7, admission_date=75, discharge_date=72, doctor=998, department=6, room_number=179
2026-07-15 00:50:34,255 - INFO - Generation nunique by field: patient_id=1000, first_name=433, last_name=464, age=30, gender=2, blood_type=7, diagnosis=7, admission_date=75, discharge_date=72, doctor=998, department=6, room_number=179
2026-07-15 00:50:34,255 - INFO - Generation nunique by field: patient_id=1000, first_name=433, last_name=464, age=30, gender=2, blood_type=7, diagnosis=7, admission_date=75, discharge_date=72, doctor=998, department=6, room_number=179
2026-07-15 00:50:34,255 - INFO - Generation nunique by field: patient_id=1000, first_name=433, last_name=464, age=30, gender=2, blood_type=7, diagnosis=7, admission_date=75, discharge_date=72, doctor=998, department=6, room_number=179
2026-07-15 00:50:34,255 - INFO - Generation nunique by field: patient_id=1000, first_name=433, last_name=464, age=30, gender=2, blood_type=7, diagnosis=7, admission_date=75, discharge_date=72, doctor=998, department=6, room_number=179
2026-07-15 00:50:34,255 - INFO - Generation nunique by field: patient_id=1000, first_name=433, last_name=464, age=30, gender=2, blood_type=7, diagnosis=7, admission_date=75, discharge_date=72, doctor=998, department=6, room_number=179
2026-07-15 00:50:34,255 - INFO - Generation nunique by field: patient_id=1000, first_name=433, last_name=464, age=30, gender=2, blood_type=7, diagnosis=7, admission_date=75, discharge_date=72, doctor=998, department=6, room_number=179
2026-07-15 00:50:34,255 - INFO - Generation nunique by field: patient_id=1000, first_name=433, last_name=464, age=30, gender=2, blood_type=7, diagnosis=7, admission_date=75, discharge_date=72, doctor=998, department=6, room_number=179
2026-07-15 00:50:34,255 - INFO - Generation validation passed
2026-07-15 00:50:34,255 - INFO - Generation validation passed
2026-07-15 00:50:34,255 - INFO - Generation validation passed
2026-07-15 00:50:34,255 - INFO - Generation validation passed
2026-07-15 00:50:34,255 - INFO - Generation validation passed
2026-07-15 00:50:34,255 - INFO - Generation validation passed
2026-07-15 00:50:34,255 - INFO - Generation validation passed
2026-07-15 00:50:34,255 - INFO - Generation validation passed
2026-07-15 00:50:34,256 - INFO - Privacy anonymization skipped for custom synthetic data (generated values are synthetic, not uploaded PII)
2026-07-15 00:50:34,256 - INFO - Privacy anonymization skipped for custom synthetic data (generated values are synthetic, not uploaded PII)
2026-07-15 00:50:34,256 - INFO - Privacy anonymization skipped for custom synthetic data (generated values are synthetic, not uploaded PII)
2026-07-15 00:50:34,256 - INFO - Privacy anonymization skipped for custom synthetic data (generated values are synthetic, not uploaded PII)
2026-07-15 00:50:34,256 - INFO - Privacy anonymization skipped for custom synthetic data (generated values are synthetic, not uploaded PII)
2026-07-15 00:50:34,256 - INFO - Privacy anonymization skipped for custom synthetic data (generated values are synthetic, not uploaded PII)
2026-07-15 00:50:34,256 - INFO - Privacy anonymization skipped for custom synthetic data (generated values are synthetic, not uploaded PII)
2026-07-15 00:50:34,256 - INFO - Privacy anonymization skipped for custom synthetic data (generated values are synthetic, not uploaded PII)
2026-07-15 00:50:34,301 - INFO - Final nunique by field: patient_id=1000, first_name=433, last_name=464, age=30, gender=2, blood_type=7, diagnosis=7, admission_date=75, discharge_date=72, doctor=998, department=6, room_number=179
2026-07-15 00:50:34,301 - INFO - Final nunique by field: patient_id=1000, first_name=433, last_name=464, age=30, gender=2, blood_type=7, diagnosis=7, admission_date=75, discharge_date=72, doctor=998, department=6, room_number=179
2026-07-15 00:50:34,301 - INFO - Final nunique by field: patient_id=1000, first_name=433, last_name=464, age=30, gender=2, blood_type=7, diagnosis=7, admission_date=75, discharge_date=72, doctor=998, department=6, room_number=179
2026-07-15 00:50:34,301 - INFO - Final nunique by field: patient_id=1000, first_name=433, last_name=464, age=30, gender=2, blood_type=7, diagnosis=7, admission_date=75, discharge_date=72, doctor=998, department=6, room_number=179
2026-07-15 00:50:34,301 - INFO - Final nunique by field: patient_id=1000, first_name=433, last_name=464, age=30, gender=2, blood_type=7, diagnosis=7, admission_date=75, discharge_date=72, doctor=998, department=6, room_number=179
2026-07-15 00:50:34,301 - INFO - Final nunique by field: patient_id=1000, first_name=433, last_name=464, age=30, gender=2, blood_type=7, diagnosis=7, admission_date=75, discharge_date=72, doctor=998, department=6, room_number=179
2026-07-15 00:50:34,301 - INFO - Final nunique by field: patient_id=1000, first_name=433, last_name=464, age=30, gender=2, blood_type=7, diagnosis=7, admission_date=75, discharge_date=72, doctor=998, department=6, room_number=179
2026-07-15 00:50:34,301 - INFO - Final nunique by field: patient_id=1000, first_name=433, last_name=464, age=30, gender=2, blood_type=7, diagnosis=7, admission_date=75, discharge_date=72, doctor=998, department=6, room_number=179
2026-07-15 00:50:34,304 - INFO - Datetime 'admission_date': nunique=75, min=2026-01-05 00:00:00, max=2026-03-20 00:00:00
2026-07-15 00:50:34,304 - INFO - Datetime 'admission_date': nunique=75, min=2026-01-05 00:00:00, max=2026-03-20 00:00:00
2026-07-15 00:50:34,304 - INFO - Datetime 'admission_date': nunique=75, min=2026-01-05 00:00:00, max=2026-03-20 00:00:00
2026-07-15 00:50:34,304 - INFO - Datetime 'admission_date': nunique=75, min=2026-01-05 00:00:00, max=2026-03-20 00:00:00
2026-07-15 00:50:34,304 - INFO - Datetime 'admission_date': nunique=75, min=2026-01-05 00:00:00, max=2026-03-20 00:00:00
2026-07-15 00:50:34,304 - INFO - Datetime 'admission_date': nunique=75, min=2026-01-05 00:00:00, max=2026-03-20 00:00:00
2026-07-15 00:50:34,304 - INFO - Datetime 'admission_date': nunique=75, min=2026-01-05 00:00:00, max=2026-03-20 00:00:00
2026-07-15 00:50:34,304 - INFO - Datetime 'admission_date': nunique=75, min=2026-01-05 00:00:00, max=2026-03-20 00:00:00
2026-07-15 00:50:34,308 - INFO - Datetime 'discharge_date': nunique=72, min=2026-01-09 00:00:00, max=2026-03-21 00:00:00
2026-07-15 00:50:34,308 - INFO - Datetime 'discharge_date': nunique=72, min=2026-01-09 00:00:00, max=2026-03-21 00:00:00
2026-07-15 00:50:34,308 - INFO - Datetime 'discharge_date': nunique=72, min=2026-01-09 00:00:00, max=2026-03-21 00:00:00
2026-07-15 00:50:34,308 - INFO - Datetime 'discharge_date': nunique=72, min=2026-01-09 00:00:00, max=2026-03-21 00:00:00
2026-07-15 00:50:34,308 - INFO - Datetime 'discharge_date': nunique=72, min=2026-01-09 00:00:00, max=2026-03-21 00:00:00
2026-07-15 00:50:34,308 - INFO - Datetime 'discharge_date': nunique=72, min=2026-01-09 00:00:00, max=2026-03-21 00:00:00
2026-07-15 00:50:34,308 - INFO - Datetime 'discharge_date': nunique=72, min=2026-01-09 00:00:00, max=2026-03-21 00:00:00
2026-07-15 00:50:34,308 - INFO - Datetime 'discharge_date': nunique=72, min=2026-01-09 00:00:00, max=2026-03-21 00:00:00
2026-07-15 00:50:34,309 - INFO - Generated 1000 records from sample
2026-07-15 00:50:34,309 - INFO - Generated 1000 records from sample
2026-07-15 00:50:34,309 - INFO - Generated 1000 records from sample
2026-07-15 00:50:34,309 - INFO - Generated 1000 records from sample
2026-07-15 00:50:34,309 - INFO - Generated 1000 records from sample
2026-07-15 00:50:34,309 - INFO - Generated 1000 records from sample
2026-07-15 00:50:34,309 - INFO - Generated 1000 records from sample
2026-07-15 00:50:34,309 - INFO - Generated 1000 records from sample
2026-07-15 00:51:16,467 - INFO - Generating 1000 records from sample (7 rows)
2026-07-15 00:51:16,467 - INFO - Generating 1000 records from sample (7 rows)
2026-07-15 00:51:16,467 - INFO - Generating 1000 records from sample (7 rows)
2026-07-15 00:51:16,467 - INFO - Generating 1000 records from sample (7 rows)
2026-07-15 00:51:16,467 - INFO - Generating 1000 records from sample (7 rows)
2026-07-15 00:51:16,467 - INFO - Generating 1000 records from sample (7 rows)
2026-07-15 00:51:16,467 - INFO - Generating 1000 records from sample (7 rows)
2026-07-15 00:51:16,467 - INFO - Generating 1000 records from sample (7 rows)
2026-07-15 00:51:16,467 - INFO - Generating 1000 records from sample (7 rows)
2026-07-15 00:51:16,467 - INFO - Generating 1000 records from sample (7 rows)
2026-07-15 00:51:16,467 - INFO - Generating 1000 records from sample (7 rows)
2026-07-15 00:51:16,467 - INFO - Generating 1000 records from sample (7 rows)
2026-07-15 00:51:16,467 - INFO - Generating 1000 records from sample (7 rows)
2026-07-15 00:51:16,651 - INFO - Column roles: {'employee_id': 'id', 'full_name': 'person_name', 'department': 'closed_categorical', 'designation': 'closed_categorical', 'date_of_joining': 'datetime', 'salary_annual': 'numeric', 'employment_type': 'closed_categorical', 'manager': 'closed_categorical', 'location': 'address', 'performance_rating': 'numeric'}
2026-07-15 00:51:16,651 - INFO - Column roles: {'employee_id': 'id', 'full_name': 'person_name', 'department': 'closed_categorical', 'designation': 'closed_categorical', 'date_of_joining': 'datetime', 'salary_annual': 'numeric', 'employment_type': 'closed_categorical', 'manager': 'closed_categorical', 'location': 'address', 'performance_rating': 'numeric'}
2026-07-15 00:51:16,651 - INFO - Column roles: {'employee_id': 'id', 'full_name': 'person_name', 'department': 'closed_categorical', 'designation': 'closed_categorical', 'date_of_joining': 'datetime', 'salary_annual': 'numeric', 'employment_type': 'closed_categorical', 'manager': 'closed_categorical', 'location': 'address', 'performance_rating': 'numeric'}
2026-07-15 00:51:16,651 - INFO - Column roles: {'employee_id': 'id', 'full_name': 'person_name', 'department': 'closed_categorical', 'designation': 'closed_categorical', 'date_of_joining': 'datetime', 'salary_annual': 'numeric', 'employment_type': 'closed_categorical', 'manager': 'closed_categorical', 'location': 'address', 'performance_rating': 'numeric'}
2026-07-15 00:51:16,651 - INFO - Column roles: {'employee_id': 'id', 'full_name': 'person_name', 'department': 'closed_categorical', 'designation': 'closed_categorical', 'date_of_joining': 'datetime', 'salary_annual': 'numeric', 'employment_type': 'closed_categorical', 'manager': 'closed_categorical', 'location': 'address', 'performance_rating': 'numeric'}
2026-07-15 00:51:16,651 - INFO - Column roles: {'employee_id': 'id', 'full_name': 'person_name', 'department': 'closed_categorical', 'designation': 'closed_categorical', 'date_of_joining': 'datetime', 'salary_annual': 'numeric', 'employment_type': 'closed_categorical', 'manager': 'closed_categorical', 'location': 'address', 'performance_rating': 'numeric'}
2026-07-15 00:51:16,651 - INFO - Column roles: {'employee_id': 'id', 'full_name': 'person_name', 'department': 'closed_categorical', 'designation': 'closed_categorical', 'date_of_joining': 'datetime', 'salary_annual': 'numeric', 'employment_type': 'closed_categorical', 'manager': 'closed_categorical', 'location': 'address', 'performance_rating': 'numeric'}
2026-07-15 00:51:16,651 - INFO - Column roles: {'employee_id': 'id', 'full_name': 'person_name', 'department': 'closed_categorical', 'designation': 'closed_categorical', 'date_of_joining': 'datetime', 'salary_annual': 'numeric', 'employment_type': 'closed_categorical', 'manager': 'closed_categorical', 'location': 'address', 'performance_rating': 'numeric'}
2026-07-15 00:51:16,651 - INFO - Column roles: {'employee_id': 'id', 'full_name': 'person_name', 'department': 'closed_categorical', 'designation': 'closed_categorical', 'date_of_joining': 'datetime', 'salary_annual': 'numeric', 'employment_type': 'closed_categorical', 'manager': 'closed_categorical', 'location': 'address', 'performance_rating': 'numeric'}
2026-07-15 00:51:16,651 - INFO - Column roles: {'employee_id': 'id', 'full_name': 'person_name', 'department': 'closed_categorical', 'designation': 'closed_categorical', 'date_of_joining': 'datetime', 'salary_annual': 'numeric', 'employment_type': 'closed_categorical', 'manager': 'closed_categorical', 'location': 'address', 'performance_rating': 'numeric'}
2026-07-15 00:51:16,651 - INFO - Column roles: {'employee_id': 'id', 'full_name': 'person_name', 'department': 'closed_categorical', 'designation': 'closed_categorical', 'date_of_joining': 'datetime', 'salary_annual': 'numeric', 'employment_type': 'closed_categorical', 'manager': 'closed_categorical', 'location': 'address', 'performance_rating': 'numeric'}
2026-07-15 00:51:16,651 - INFO - Column roles: {'employee_id': 'id', 'full_name': 'person_name', 'department': 'closed_categorical', 'designation': 'closed_categorical', 'date_of_joining': 'datetime', 'salary_annual': 'numeric', 'employment_type': 'closed_categorical', 'manager': 'closed_categorical', 'location': 'address', 'performance_rating': 'numeric'}
2026-07-15 00:51:16,651 - INFO - Column roles: {'employee_id': 'id', 'full_name': 'person_name', 'department': 'closed_categorical', 'designation': 'closed_categorical', 'date_of_joining': 'datetime', 'salary_annual': 'numeric', 'employment_type': 'closed_categorical', 'manager': 'closed_categorical', 'location': 'address', 'performance_rating': 'numeric'}
2026-07-15 00:51:16,655 - INFO - CustomGenerator locale=en_IN india_mode=False india_phone=False
2026-07-15 00:51:16,655 - INFO - CustomGenerator locale=en_IN india_mode=False india_phone=False
2026-07-15 00:51:16,655 - INFO - CustomGenerator locale=en_IN india_mode=False india_phone=False
2026-07-15 00:51:16,655 - INFO - CustomGenerator locale=en_IN india_mode=False india_phone=False
2026-07-15 00:51:16,655 - INFO - CustomGenerator locale=en_IN india_mode=False india_phone=False
2026-07-15 00:51:16,655 - INFO - CustomGenerator locale=en_IN india_mode=False india_phone=False
2026-07-15 00:51:16,655 - INFO - CustomGenerator locale=en_IN india_mode=False india_phone=False
2026-07-15 00:51:16,655 - INFO - CustomGenerator locale=en_IN india_mode=False india_phone=False
2026-07-15 00:51:16,655 - INFO - CustomGenerator locale=en_IN india_mode=False india_phone=False
2026-07-15 00:51:16,655 - INFO - CustomGenerator locale=en_IN india_mode=False india_phone=False
2026-07-15 00:51:16,655 - INFO - CustomGenerator locale=en_IN india_mode=False india_phone=False
2026-07-15 00:51:16,655 - INFO - CustomGenerator locale=en_IN india_mode=False india_phone=False
2026-07-15 00:51:16,655 - INFO - CustomGenerator locale=en_IN india_mode=False india_phone=False
2026-07-15 00:51:16,867 - INFO - Generation nunique by field: employee_id=1000, full_name=997, department=5, designation=7, date_of_joining=778, salary_annual=26, employment_type=2, manager=4, location=1000, performance_rating=421
2026-07-15 00:51:16,867 - INFO - Generation nunique by field: employee_id=1000, full_name=997, department=5, designation=7, date_of_joining=778, salary_annual=26, employment_type=2, manager=4, location=1000, performance_rating=421
2026-07-15 00:51:16,867 - INFO - Generation nunique by field: employee_id=1000, full_name=997, department=5, designation=7, date_of_joining=778, salary_annual=26, employment_type=2, manager=4, location=1000, performance_rating=421
2026-07-15 00:51:16,867 - INFO - Generation nunique by field: employee_id=1000, full_name=997, department=5, designation=7, date_of_joining=778, salary_annual=26, employment_type=2, manager=4, location=1000, performance_rating=421
2026-07-15 00:51:16,867 - INFO - Generation nunique by field: employee_id=1000, full_name=997, department=5, designation=7, date_of_joining=778, salary_annual=26, employment_type=2, manager=4, location=1000, performance_rating=421
2026-07-15 00:51:16,867 - INFO - Generation nunique by field: employee_id=1000, full_name=997, department=5, designation=7, date_of_joining=778, salary_annual=26, employment_type=2, manager=4, location=1000, performance_rating=421
2026-07-15 00:51:16,867 - INFO - Generation nunique by field: employee_id=1000, full_name=997, department=5, designation=7, date_of_joining=778, salary_annual=26, employment_type=2, manager=4, location=1000, performance_rating=421
2026-07-15 00:51:16,867 - INFO - Generation nunique by field: employee_id=1000, full_name=997, department=5, designation=7, date_of_joining=778, salary_annual=26, employment_type=2, manager=4, location=1000, performance_rating=421
2026-07-15 00:51:16,867 - INFO - Generation nunique by field: employee_id=1000, full_name=997, department=5, designation=7, date_of_joining=778, salary_annual=26, employment_type=2, manager=4, location=1000, performance_rating=421
2026-07-15 00:51:16,867 - INFO - Generation nunique by field: employee_id=1000, full_name=997, department=5, designation=7, date_of_joining=778, salary_annual=26, employment_type=2, manager=4, location=1000, performance_rating=421
2026-07-15 00:51:16,867 - INFO - Generation nunique by field: employee_id=1000, full_name=997, department=5, designation=7, date_of_joining=778, salary_annual=26, employment_type=2, manager=4, location=1000, performance_rating=421
2026-07-15 00:51:16,867 - INFO - Generation nunique by field: employee_id=1000, full_name=997, department=5, designation=7, date_of_joining=778, salary_annual=26, employment_type=2, manager=4, location=1000, performance_rating=421
2026-07-15 00:51:16,867 - INFO - Generation nunique by field: employee_id=1000, full_name=997, department=5, designation=7, date_of_joining=778, salary_annual=26, employment_type=2, manager=4, location=1000, performance_rating=421
2026-07-15 00:51:16,871 - INFO - Generation validation passed
2026-07-15 00:51:16,871 - INFO - Generation validation passed
2026-07-15 00:51:16,871 - INFO - Generation validation passed
2026-07-15 00:51:16,871 - INFO - Generation validation passed
2026-07-15 00:51:16,871 - INFO - Generation validation passed
2026-07-15 00:51:16,871 - INFO - Generation validation passed
2026-07-15 00:51:16,871 - INFO - Generation validation passed
2026-07-15 00:51:16,871 - INFO - Generation validation passed
2026-07-15 00:51:16,871 - INFO - Generation validation passed
2026-07-15 00:51:16,871 - INFO - Generation validation passed
2026-07-15 00:51:16,871 - INFO - Generation validation passed
2026-07-15 00:51:16,871 - INFO - Generation validation passed
2026-07-15 00:51:16,871 - INFO - Generation validation passed
2026-07-15 00:51:16,873 - INFO - Privacy anonymization skipped for custom synthetic data (generated values are synthetic, not uploaded PII)
2026-07-15 00:51:16,873 - INFO - Privacy anonymization skipped for custom synthetic data (generated values are synthetic, not uploaded PII)
2026-07-15 00:51:16,873 - INFO - Privacy anonymization skipped for custom synthetic data (generated values are synthetic, not uploaded PII)
2026-07-15 00:51:16,873 - INFO - Privacy anonymization skipped for custom synthetic data (generated values are synthetic, not uploaded PII)
2026-07-15 00:51:16,873 - INFO - Privacy anonymization skipped for custom synthetic data (generated values are synthetic, not uploaded PII)
2026-07-15 00:51:16,873 - INFO - Privacy anonymization skipped for custom synthetic data (generated values are synthetic, not uploaded PII)
2026-07-15 00:51:16,873 - INFO - Privacy anonymization skipped for custom synthetic data (generated values are synthetic, not uploaded PII)
2026-07-15 00:51:16,873 - INFO - Privacy anonymization skipped for custom synthetic data (generated values are synthetic, not uploaded PII)
2026-07-15 00:51:16,873 - INFO - Privacy anonymization skipped for custom synthetic data (generated values are synthetic, not uploaded PII)
2026-07-15 00:51:16,873 - INFO - Privacy anonymization skipped for custom synthetic data (generated values are synthetic, not uploaded PII)
2026-07-15 00:51:16,873 - INFO - Privacy anonymization skipped for custom synthetic data (generated values are synthetic, not uploaded PII)
2026-07-15 00:51:16,873 - INFO - Privacy anonymization skipped for custom synthetic data (generated values are synthetic, not uploaded PII)
2026-07-15 00:51:16,873 - INFO - Privacy anonymization skipped for custom synthetic data (generated values are synthetic, not uploaded PII)
2026-07-15 00:51:16,907 - INFO - Final nunique by field: employee_id=1000, full_name=997, department=5, designation=7, date_of_joining=778, salary_annual=26, employment_type=2, manager=4, location=1000, performance_rating=421
2026-07-15 00:51:16,907 - INFO - Final nunique by field: employee_id=1000, full_name=997, department=5, designation=7, date_of_joining=778, salary_annual=26, employment_type=2, manager=4, location=1000, performance_rating=421
2026-07-15 00:51:16,907 - INFO - Final nunique by field: employee_id=1000, full_name=997, department=5, designation=7, date_of_joining=778, salary_annual=26, employment_type=2, manager=4, location=1000, performance_rating=421
2026-07-15 00:51:16,907 - INFO - Final nunique by field: employee_id=1000, full_name=997, department=5, designation=7, date_of_joining=778, salary_annual=26, employment_type=2, manager=4, location=1000, performance_rating=421
2026-07-15 00:51:16,907 - INFO - Final nunique by field: employee_id=1000, full_name=997, department=5, designation=7, date_of_joining=778, salary_annual=26, employment_type=2, manager=4, location=1000, performance_rating=421
2026-07-15 00:51:16,907 - INFO - Final nunique by field: employee_id=1000, full_name=997, department=5, designation=7, date_of_joining=778, salary_annual=26, employment_type=2, manager=4, location=1000, performance_rating=421
2026-07-15 00:51:16,907 - INFO - Final nunique by field: employee_id=1000, full_name=997, department=5, designation=7, date_of_joining=778, salary_annual=26, employment_type=2, manager=4, location=1000, performance_rating=421
2026-07-15 00:51:16,907 - INFO - Final nunique by field: employee_id=1000, full_name=997, department=5, designation=7, date_of_joining=778, salary_annual=26, employment_type=2, manager=4, location=1000, performance_rating=421
2026-07-15 00:51:16,907 - INFO - Final nunique by field: employee_id=1000, full_name=997, department=5, designation=7, date_of_joining=778, salary_annual=26, employment_type=2, manager=4, location=1000, performance_rating=421
2026-07-15 00:51:16,907 - INFO - Final nunique by field: employee_id=1000, full_name=997, department=5, designation=7, date_of_joining=778, salary_annual=26, employment_type=2, manager=4, location=1000, performance_rating=421
2026-07-15 00:51:16,907 - INFO - Final nunique by field: employee_id=1000, full_name=997, department=5, designation=7, date_of_joining=778, salary_annual=26, employment_type=2, manager=4, location=1000, performance_rating=421
2026-07-15 00:51:16,907 - INFO - Final nunique by field: employee_id=1000, full_name=997, department=5, designation=7, date_of_joining=778, salary_annual=26, employment_type=2, manager=4, location=1000, performance_rating=421
2026-07-15 00:51:16,907 - INFO - Final nunique by field: employee_id=1000, full_name=997, department=5, designation=7, date_of_joining=778, salary_annual=26, employment_type=2, manager=4, location=1000, performance_rating=421
2026-07-15 00:51:16,912 - INFO - Datetime 'date_of_joining': nunique=778, min=2018-09-14 00:00:00, max=2024-02-01 00:00:00
2026-07-15 00:51:16,912 - INFO - Datetime 'date_of_joining': nunique=778, min=2018-09-14 00:00:00, max=2024-02-01 00:00:00
2026-07-15 00:51:16,912 - INFO - Datetime 'date_of_joining': nunique=778, min=2018-09-14 00:00:00, max=2024-02-01 00:00:00
2026-07-15 00:51:16,912 - INFO - Datetime 'date_of_joining': nunique=778, min=2018-09-14 00:00:00, max=2024-02-01 00:00:00
2026-07-15 00:51:16,912 - INFO - Datetime 'date_of_joining': nunique=778, min=2018-09-14 00:00:00, max=2024-02-01 00:00:00
2026-07-15 00:51:16,912 - INFO - Datetime 'date_of_joining': nunique=778, min=2018-09-14 00:00:00, max=2024-02-01 00:00:00
2026-07-15 00:51:16,912 - INFO - Datetime 'date_of_joining': nunique=778, min=2018-09-14 00:00:00, max=2024-02-01 00:00:00
2026-07-15 00:51:16,912 - INFO - Datetime 'date_of_joining': nunique=778, min=2018-09-14 00:00:00, max=2024-02-01 00:00:00
2026-07-15 00:51:16,912 - INFO - Datetime 'date_of_joining': nunique=778, min=2018-09-14 00:00:00, max=2024-02-01 00:00:00
2026-07-15 00:51:16,912 - INFO - Datetime 'date_of_joining': nunique=778, min=2018-09-14 00:00:00, max=2024-02-01 00:00:00
2026-07-15 00:51:16,912 - INFO - Datetime 'date_of_joining': nunique=778, min=2018-09-14 00:00:00, max=2024-02-01 00:00:00
2026-07-15 00:51:16,912 - INFO - Datetime 'date_of_joining': nunique=778, min=2018-09-14 00:00:00, max=2024-02-01 00:00:00
2026-07-15 00:51:16,912 - INFO - Datetime 'date_of_joining': nunique=778, min=2018-09-14 00:00:00, max=2024-02-01 00:00:00
2026-07-15 00:51:16,914 - INFO - Generated 1000 records from sample
2026-07-15 00:51:16,914 - INFO - Generated 1000 records from sample
2026-07-15 00:51:16,914 - INFO - Generated 1000 records from sample
2026-07-15 00:51:16,914 - INFO - Generated 1000 records from sample
2026-07-15 00:51:16,914 - INFO - Generated 1000 records from sample
2026-07-15 00:51:16,914 - INFO - Generated 1000 records from sample
2026-07-15 00:51:16,914 - INFO - Generated 1000 records from sample
2026-07-15 00:51:16,914 - INFO - Generated 1000 records from sample
2026-07-15 00:51:16,914 - INFO - Generated 1000 records from sample
2026-07-15 00:51:16,914 - INFO - Generated 1000 records from sample
2026-07-15 00:51:16,914 - INFO - Generated 1000 records from sample
2026-07-15 00:51:16,914 - INFO - Generated 1000 records from sample
2026-07-15 00:51:16,914 - INFO - Generated 1000 records from sample
2026-07-15 00:52:24,684 - INFO - Generating 1000 records from sample (6 rows)
2026-07-15 00:52:24,684 - INFO - Generating 1000 records from sample (6 rows)
2026-07-15 00:52:24,684 - INFO - Generating 1000 records from sample (6 rows)
2026-07-15 00:52:24,684 - INFO - Generating 1000 records from sample (6 rows)
2026-07-15 00:52:24,684 - INFO - Generating 1000 records from sample (6 rows)
2026-07-15 00:52:24,684 - INFO - Generating 1000 records from sample (6 rows)
2026-07-15 00:52:24,684 - INFO - Generating 1000 records from sample (6 rows)
2026-07-15 00:52:24,684 - INFO - Generating 1000 records from sample (6 rows)
2026-07-15 00:52:24,684 - INFO - Generating 1000 records from sample (6 rows)
2026-07-15 00:52:24,684 - INFO - Generating 1000 records from sample (6 rows)
2026-07-15 00:52:24,684 - INFO - Generating 1000 records from sample (6 rows)
2026-07-15 00:52:24,684 - INFO - Generating 1000 records from sample (6 rows)
2026-07-15 00:52:24,684 - INFO - Generating 1000 records from sample (6 rows)
2026-07-15 00:52:24,684 - INFO - Generating 1000 records from sample (6 rows)
2026-07-15 00:52:24,684 - INFO - Generating 1000 records from sample (6 rows)
2026-07-15 00:52:24,684 - INFO - Generating 1000 records from sample (6 rows)
2026-07-15 00:52:24,684 - INFO - Generating 1000 records from sample (6 rows)
2026-07-15 00:52:24,684 - INFO - Generating 1000 records from sample (6 rows)
2026-07-15 00:52:24,797 - INFO - Column roles: {'destination_pincode': 'pincode', 'weight_grams': 'numeric', 'cod': 'closed_categorical', 'cod_amount': 'numeric', 'order_value': 'numeric', 'courier': 'closed_categorical', 'status': 'closed_categorical'}
2026-07-15 00:52:24,797 - INFO - Column roles: {'destination_pincode': 'pincode', 'weight_grams': 'numeric', 'cod': 'closed_categorical', 'cod_amount': 'numeric', 'order_value': 'numeric', 'courier': 'closed_categorical', 'status': 'closed_categorical'}
2026-07-15 00:52:24,797 - INFO - Column roles: {'destination_pincode': 'pincode', 'weight_grams': 'numeric', 'cod': 'closed_categorical', 'cod_amount': 'numeric', 'order_value': 'numeric', 'courier': 'closed_categorical', 'status': 'closed_categorical'}
2026-07-15 00:52:24,797 - INFO - Column roles: {'destination_pincode': 'pincode', 'weight_grams': 'numeric', 'cod': 'closed_categorical', 'cod_amount': 'numeric', 'order_value': 'numeric', 'courier': 'closed_categorical', 'status': 'closed_categorical'}
2026-07-15 00:52:24,797 - INFO - Column roles: {'destination_pincode': 'pincode', 'weight_grams': 'numeric', 'cod': 'closed_categorical', 'cod_amount': 'numeric', 'order_value': 'numeric', 'courier': 'closed_categorical', 'status': 'closed_categorical'}
2026-07-15 00:52:24,797 - INFO - Column roles: {'destination_pincode': 'pincode', 'weight_grams': 'numeric', 'cod': 'closed_categorical', 'cod_amount': 'numeric', 'order_value': 'numeric', 'courier': 'closed_categorical', 'status': 'closed_categorical'}
2026-07-15 00:52:24,797 - INFO - Column roles: {'destination_pincode': 'pincode', 'weight_grams': 'numeric', 'cod': 'closed_categorical', 'cod_amount': 'numeric', 'order_value': 'numeric', 'courier': 'closed_categorical', 'status': 'closed_categorical'}
2026-07-15 00:52:24,797 - INFO - Column roles: {'destination_pincode': 'pincode', 'weight_grams': 'numeric', 'cod': 'closed_categorical', 'cod_amount': 'numeric', 'order_value': 'numeric', 'courier': 'closed_categorical', 'status': 'closed_categorical'}
2026-07-15 00:52:24,797 - INFO - Column roles: {'destination_pincode': 'pincode', 'weight_grams': 'numeric', 'cod': 'closed_categorical', 'cod_amount': 'numeric', 'order_value': 'numeric', 'courier': 'closed_categorical', 'status': 'closed_categorical'}
2026-07-15 00:52:24,797 - INFO - Column roles: {'destination_pincode': 'pincode', 'weight_grams': 'numeric', 'cod': 'closed_categorical', 'cod_amount': 'numeric', 'order_value': 'numeric', 'courier': 'closed_categorical', 'status': 'closed_categorical'}
2026-07-15 00:52:24,797 - INFO - Column roles: {'destination_pincode': 'pincode', 'weight_grams': 'numeric', 'cod': 'closed_categorical', 'cod_amount': 'numeric', 'order_value': 'numeric', 'courier': 'closed_categorical', 'status': 'closed_categorical'}
2026-07-15 00:52:24,797 - INFO - Column roles: {'destination_pincode': 'pincode', 'weight_grams': 'numeric', 'cod': 'closed_categorical', 'cod_amount': 'numeric', 'order_value': 'numeric', 'courier': 'closed_categorical', 'status': 'closed_categorical'}
2026-07-15 00:52:24,797 - INFO - Column roles: {'destination_pincode': 'pincode', 'weight_grams': 'numeric', 'cod': 'closed_categorical', 'cod_amount': 'numeric', 'order_value': 'numeric', 'courier': 'closed_categorical', 'status': 'closed_categorical'}
2026-07-15 00:52:24,797 - INFO - Column roles: {'destination_pincode': 'pincode', 'weight_grams': 'numeric', 'cod': 'closed_categorical', 'cod_amount': 'numeric', 'order_value': 'numeric', 'courier': 'closed_categorical', 'status': 'closed_categorical'}
2026-07-15 00:52:24,797 - INFO - Column roles: {'destination_pincode': 'pincode', 'weight_grams': 'numeric', 'cod': 'closed_categorical', 'cod_amount': 'numeric', 'order_value': 'numeric', 'courier': 'closed_categorical', 'status': 'closed_categorical'}
2026-07-15 00:52:24,797 - INFO - Column roles: {'destination_pincode': 'pincode', 'weight_grams': 'numeric', 'cod': 'closed_categorical', 'cod_amount': 'numeric', 'order_value': 'numeric', 'courier': 'closed_categorical', 'status': 'closed_categorical'}
2026-07-15 00:52:24,797 - INFO - Column roles: {'destination_pincode': 'pincode', 'weight_grams': 'numeric', 'cod': 'closed_categorical', 'cod_amount': 'numeric', 'order_value': 'numeric', 'courier': 'closed_categorical', 'status': 'closed_categorical'}
2026-07-15 00:52:24,797 - INFO - Column roles: {'destination_pincode': 'pincode', 'weight_grams': 'numeric', 'cod': 'closed_categorical', 'cod_amount': 'numeric', 'order_value': 'numeric', 'courier': 'closed_categorical', 'status': 'closed_categorical'}
2026-07-15 00:52:24,804 - INFO - CustomGenerator locale=en_IN india_mode=True india_phone=True
2026-07-15 00:52:24,804 - INFO - CustomGenerator locale=en_IN india_mode=True india_phone=True
2026-07-15 00:52:24,804 - INFO - CustomGenerator locale=en_IN india_mode=True india_phone=True
2026-07-15 00:52:24,804 - INFO - CustomGenerator locale=en_IN india_mode=True india_phone=True
2026-07-15 00:52:24,804 - INFO - CustomGenerator locale=en_IN india_mode=True india_phone=True
2026-07-15 00:52:24,804 - INFO - CustomGenerator locale=en_IN india_mode=True india_phone=True
2026-07-15 00:52:24,804 - INFO - CustomGenerator locale=en_IN india_mode=True india_phone=True
2026-07-15 00:52:24,804 - INFO - CustomGenerator locale=en_IN india_mode=True india_phone=True
2026-07-15 00:52:24,804 - INFO - CustomGenerator locale=en_IN india_mode=True india_phone=True
2026-07-15 00:52:24,804 - INFO - CustomGenerator locale=en_IN india_mode=True india_phone=True
2026-07-15 00:52:24,804 - INFO - CustomGenerator locale=en_IN india_mode=True india_phone=True
2026-07-15 00:52:24,804 - INFO - CustomGenerator locale=en_IN india_mode=True india_phone=True
2026-07-15 00:52:24,804 - INFO - CustomGenerator locale=en_IN india_mode=True india_phone=True
2026-07-15 00:52:24,804 - INFO - CustomGenerator locale=en_IN india_mode=True india_phone=True
2026-07-15 00:52:24,804 - INFO - CustomGenerator locale=en_IN india_mode=True india_phone=True
2026-07-15 00:52:24,804 - INFO - CustomGenerator locale=en_IN india_mode=True india_phone=True
2026-07-15 00:52:24,804 - INFO - CustomGenerator locale=en_IN india_mode=True india_phone=True
2026-07-15 00:52:24,804 - INFO - CustomGenerator locale=en_IN india_mode=True india_phone=True
2026-07-15 00:52:24,855 - INFO - Generation nunique by field: destination_pincode=709, weight_grams=22, cod=2, cod_amount=88, order_value=342, courier=6, status=2
2026-07-15 00:52:24,855 - INFO - Generation nunique by field: destination_pincode=709, weight_grams=22, cod=2, cod_amount=88, order_value=342, courier=6, status=2
2026-07-15 00:52:24,855 - INFO - Generation nunique by field: destination_pincode=709, weight_grams=22, cod=2, cod_amount=88, order_value=342, courier=6, status=2
2026-07-15 00:52:24,855 - INFO - Generation nunique by field: destination_pincode=709, weight_grams=22, cod=2, cod_amount=88, order_value=342, courier=6, status=2
2026-07-15 00:52:24,855 - INFO - Generation nunique by field: destination_pincode=709, weight_grams=22, cod=2, cod_amount=88, order_value=342, courier=6, status=2
2026-07-15 00:52:24,855 - INFO - Generation nunique by field: destination_pincode=709, weight_grams=22, cod=2, cod_amount=88, order_value=342, courier=6, status=2
2026-07-15 00:52:24,855 - INFO - Generation nunique by field: destination_pincode=709, weight_grams=22, cod=2, cod_amount=88, order_value=342, courier=6, status=2
2026-07-15 00:52:24,855 - INFO - Generation nunique by field: destination_pincode=709, weight_grams=22, cod=2, cod_amount=88, order_value=342, courier=6, status=2
2026-07-15 00:52:24,855 - INFO - Generation nunique by field: destination_pincode=709, weight_grams=22, cod=2, cod_amount=88, order_value=342, courier=6, status=2
2026-07-15 00:52:24,855 - INFO - Generation nunique by field: destination_pincode=709, weight_grams=22, cod=2, cod_amount=88, order_value=342, courier=6, status=2
2026-07-15 00:52:24,855 - INFO - Generation nunique by field: destination_pincode=709, weight_grams=22, cod=2, cod_amount=88, order_value=342, courier=6, status=2
2026-07-15 00:52:24,855 - INFO - Generation nunique by field: destination_pincode=709, weight_grams=22, cod=2, cod_amount=88, order_value=342, courier=6, status=2
2026-07-15 00:52:24,855 - INFO - Generation nunique by field: destination_pincode=709, weight_grams=22, cod=2, cod_amount=88, order_value=342, courier=6, status=2
2026-07-15 00:52:24,855 - INFO - Generation nunique by field: destination_pincode=709, weight_grams=22, cod=2, cod_amount=88, order_value=342, courier=6, status=2
2026-07-15 00:52:24,855 - INFO - Generation nunique by field: destination_pincode=709, weight_grams=22, cod=2, cod_amount=88, order_value=342, courier=6, status=2
2026-07-15 00:52:24,855 - INFO - Generation nunique by field: destination_pincode=709, weight_grams=22, cod=2, cod_amount=88, order_value=342, courier=6, status=2
2026-07-15 00:52:24,855 - INFO - Generation nunique by field: destination_pincode=709, weight_grams=22, cod=2, cod_amount=88, order_value=342, courier=6, status=2
2026-07-15 00:52:24,855 - INFO - Generation nunique by field: destination_pincode=709, weight_grams=22, cod=2, cod_amount=88, order_value=342, courier=6, status=2
2026-07-15 00:52:24,858 - INFO - Generation validation passed
2026-07-15 00:52:24,858 - INFO - Generation validation passed
2026-07-15 00:52:24,858 - INFO - Generation validation passed
2026-07-15 00:52:24,858 - INFO - Generation validation passed
2026-07-15 00:52:24,858 - INFO - Generation validation passed
2026-07-15 00:52:24,858 - INFO - Generation validation passed
2026-07-15 00:52:24,858 - INFO - Generation validation passed
2026-07-15 00:52:24,858 - INFO - Generation validation passed
2026-07-15 00:52:24,858 - INFO - Generation validation passed
2026-07-15 00:52:24,858 - INFO - Generation validation passed
2026-07-15 00:52:24,858 - INFO - Generation validation passed
2026-07-15 00:52:24,858 - INFO - Generation validation passed
2026-07-15 00:52:24,858 - INFO - Generation validation passed
2026-07-15 00:52:24,858 - INFO - Generation validation passed
2026-07-15 00:52:24,858 - INFO - Generation validation passed
2026-07-15 00:52:24,858 - INFO - Generation validation passed
2026-07-15 00:52:24,858 - INFO - Generation validation passed
2026-07-15 00:52:24,858 - INFO - Generation validation passed
2026-07-15 00:52:24,860 - INFO - Privacy anonymization skipped for custom synthetic data (generated values are synthetic, not uploaded PII)
2026-07-15 00:52:24,860 - INFO - Privacy anonymization skipped for custom synthetic data (generated values are synthetic, not uploaded PII)
2026-07-15 00:52:24,860 - INFO - Privacy anonymization skipped for custom synthetic data (generated values are synthetic, not uploaded PII)
2026-07-15 00:52:24,860 - INFO - Privacy anonymization skipped for custom synthetic data (generated values are synthetic, not uploaded PII)
2026-07-15 00:52:24,860 - INFO - Privacy anonymization skipped for custom synthetic data (generated values are synthetic, not uploaded PII)
2026-07-15 00:52:24,860 - INFO - Privacy anonymization skipped for custom synthetic data (generated values are synthetic, not uploaded PII)
2026-07-15 00:52:24,860 - INFO - Privacy anonymization skipped for custom synthetic data (generated values are synthetic, not uploaded PII)
2026-07-15 00:52:24,860 - INFO - Privacy anonymization skipped for custom synthetic data (generated values are synthetic, not uploaded PII)
2026-07-15 00:52:24,860 - INFO - Privacy anonymization skipped for custom synthetic data (generated values are synthetic, not uploaded PII)
2026-07-15 00:52:24,860 - INFO - Privacy anonymization skipped for custom synthetic data (generated values are synthetic, not uploaded PII)
2026-07-15 00:52:24,860 - INFO - Privacy anonymization skipped for custom synthetic data (generated values are synthetic, not uploaded PII)
2026-07-15 00:52:24,860 - INFO - Privacy anonymization skipped for custom synthetic data (generated values are synthetic, not uploaded PII)
2026-07-15 00:52:24,860 - INFO - Privacy anonymization skipped for custom synthetic data (generated values are synthetic, not uploaded PII)
2026-07-15 00:52:24,860 - INFO - Privacy anonymization skipped for custom synthetic data (generated values are synthetic, not uploaded PII)
2026-07-15 00:52:24,860 - INFO - Privacy anonymization skipped for custom synthetic data (generated values are synthetic, not uploaded PII)
2026-07-15 00:52:24,860 - INFO - Privacy anonymization skipped for custom synthetic data (generated values are synthetic, not uploaded PII)
2026-07-15 00:52:24,860 - INFO - Privacy anonymization skipped for custom synthetic data (generated values are synthetic, not uploaded PII)
2026-07-15 00:52:24,860 - INFO - Privacy anonymization skipped for custom synthetic data (generated values are synthetic, not uploaded PII)
2026-07-15 00:52:24,888 - INFO - Final nunique by field: destination_pincode=709, weight_grams=22, cod=2, cod_amount=88, order_value=342, courier=6, status=2
2026-07-15 00:52:24,888 - INFO - Final nunique by field: destination_pincode=709, weight_grams=22, cod=2, cod_amount=88, order_value=342, courier=6, status=2
2026-07-15 00:52:24,888 - INFO - Final nunique by field: destination_pincode=709, weight_grams=22, cod=2, cod_amount=88, order_value=342, courier=6, status=2
2026-07-15 00:52:24,888 - INFO - Final nunique by field: destination_pincode=709, weight_grams=22, cod=2, cod_amount=88, order_value=342, courier=6, status=2
2026-07-15 00:52:24,888 - INFO - Final nunique by field: destination_pincode=709, weight_grams=22, cod=2, cod_amount=88, order_value=342, courier=6, status=2
2026-07-15 00:52:24,888 - INFO - Final nunique by field: destination_pincode=709, weight_grams=22, cod=2, cod_amount=88, order_value=342, courier=6, status=2
2026-07-15 00:52:24,888 - INFO - Final nunique by field: destination_pincode=709, weight_grams=22, cod=2, cod_amount=88, order_value=342, courier=6, status=2
2026-07-15 00:52:24,888 - INFO - Final nunique by field: destination_pincode=709, weight_grams=22, cod=2, cod_amount=88, order_value=342, courier=6, status=2
2026-07-15 00:52:24,888 - INFO - Final nunique by field: destination_pincode=709, weight_grams=22, cod=2, cod_amount=88, order_value=342, courier=6, status=2
2026-07-15 00:52:24,888 - INFO - Final nunique by field: destination_pincode=709, weight_grams=22, cod=2, cod_amount=88, order_value=342, courier=6, status=2
2026-07-15 00:52:24,888 - INFO - Final nunique by field: destination_pincode=709, weight_grams=22, cod=2, cod_amount=88, order_value=342, courier=6, status=2
2026-07-15 00:52:24,888 - INFO - Final nunique by field: destination_pincode=709, weight_grams=22, cod=2, cod_amount=88, order_value=342, courier=6, status=2
2026-07-15 00:52:24,888 - INFO - Final nunique by field: destination_pincode=709, weight_grams=22, cod=2, cod_amount=88, order_value=342, courier=6, status=2
2026-07-15 00:52:24,888 - INFO - Final nunique by field: destination_pincode=709, weight_grams=22, cod=2, cod_amount=88, order_value=342, courier=6, status=2
2026-07-15 00:52:24,888 - INFO - Final nunique by field: destination_pincode=709, weight_grams=22, cod=2, cod_amount=88, order_value=342, courier=6, status=2
2026-07-15 00:52:24,888 - INFO - Final nunique by field: destination_pincode=709, weight_grams=22, cod=2, cod_amount=88, order_value=342, courier=6, status=2
2026-07-15 00:52:24,888 - INFO - Final nunique by field: destination_pincode=709, weight_grams=22, cod=2, cod_amount=88, order_value=342, courier=6, status=2
2026-07-15 00:52:24,888 - INFO - Final nunique by field: destination_pincode=709, weight_grams=22, cod=2, cod_amount=88, order_value=342, courier=6, status=2
2026-07-15 00:52:24,889 - INFO - Generated 998 records from sample
2026-07-15 00:52:24,889 - INFO - Generated 998 records from sample
2026-07-15 00:52:24,889 - INFO - Generated 998 records from sample
2026-07-15 00:52:24,889 - INFO - Generated 998 records from sample
2026-07-15 00:52:24,889 - INFO - Generated 998 records from sample
2026-07-15 00:52:24,889 - INFO - Generated 998 records from sample
2026-07-15 00:52:24,889 - INFO - Generated 998 records from sample
2026-07-15 00:52:24,889 - INFO - Generated 998 records from sample
2026-07-15 00:52:24,889 - INFO - Generated 998 records from sample
2026-07-15 00:52:24,889 - INFO - Generated 998 records from sample
2026-07-15 00:52:24,889 - INFO - Generated 998 records from sample
2026-07-15 00:52:24,889 - INFO - Generated 998 records from sample
2026-07-15 00:52:24,889 - INFO - Generated 998 records from sample
2026-07-15 00:52:24,889 - INFO - Generated 998 records from sample
2026-07-15 00:52:24,889 - INFO - Generated 998 records from sample
2026-07-15 00:52:24,889 - INFO - Generated 998 records from sample
2026-07-15 00:52:24,889 - INFO - Generated 998 records from sample
2026-07-15 00:52:24,889 - INFO - Generated 998 records from sample
